"Geslacht";"Leeftijd (op 31 december)";"Perioden";"Sterftekans (kans)";"Levenden (tafelbevolking)  (aantal)";"Overledenen (tafelbevolking)  (aantal)";"Levensverwachting (jaar )"
"Totaal mannen en vrouwen";"0 jaar";"1861 tot 1866";"       .";"       .";"       .";"       ."
"Totaal mannen en vrouwen";"0 jaar";"1866 tot 1871";"       .";"       .";"       .";"       ."
"Totaal mannen en vrouwen";"0 jaar";"1871 tot 1876";"       .";"       .";"       .";"       ."
"Totaal mannen en vrouwen";"0 jaar";"1876 tot 1881";"       .";"       .";"       .";"       ."
"Totaal mannen en vrouwen";"0 jaar";"1881 tot 1886";"       .";"       .";"       .";"       ."
"Totaal mannen en vrouwen";"0 jaar";"1886 tot 1891";"       .";"       .";"       .";"       ."
"Totaal mannen en vrouwen";"0 jaar";"1891 tot 1896";"       .";"       .";"       .";"       ."
"Totaal mannen en vrouwen";"0 jaar";"1896 tot 1901";"       .";"       .";"       .";"       ."
"Totaal mannen en vrouwen";"0 jaar";"1901 tot 1906";"       .";"       .";"       .";"       ."
"Totaal mannen en vrouwen";"0 jaar";"1906 tot 1911";"       .";"       .";"       .";"       ."
"Totaal mannen en vrouwen";"0 jaar";"1911 tot 1916";"       .";"       .";"       .";"       ."
"Totaal mannen en vrouwen";"0 jaar";"1916 tot 1921";"       .";"       .";"       .";"       ."
"Totaal mannen en vrouwen";"0 jaar";"1921 tot 1926";"       .";"       .";"       .";"       ."
"Totaal mannen en vrouwen";"0 jaar";"1926 tot 1931";"       .";"       .";"       .";"       ."
"Totaal mannen en vrouwen";"0 jaar";"1931 tot 1936";"       .";"       .";"       .";"       ."
"Totaal mannen en vrouwen";"0 jaar";"1936 tot 1941";"       .";"       .";"       .";"       ."
"Totaal mannen en vrouwen";"0 jaar";"1941 tot 1946";"       .";"       .";"       .";"       ."
"Totaal mannen en vrouwen";"0 jaar";"1950";" 0.02234";"  100000";"    2234";"   71.43"
"Totaal mannen en vrouwen";"0 jaar";"1946 tot 1951";"       .";"       .";"       .";"       ."
"Totaal mannen en vrouwen";"0 jaar";"1951";" 0.02268";"  100000";"    2268";"   71.49"
"Totaal mannen en vrouwen";"0 jaar";"1952";" 0.02071";"  100000";"    2071";"   72.12"
"Totaal mannen en vrouwen";"0 jaar";"1953";" 0.02024";"  100000";"    2024";"   71.68"
"Totaal mannen en vrouwen";"0 jaar";"1954";" 0.01948";"  100000";"    1948";"   72.38"
"Totaal mannen en vrouwen";"0 jaar";"1955";" 0.01904";"  100000";"    1904";"   72.49"
"Totaal mannen en vrouwen";"0 jaar";"1951 tot 1956";" 0.02043";"  100000";"    2043";"   72.03"
"Totaal mannen en vrouwen";"0 jaar";"1956";" 0.01752";"  100000";"    1752";"   72.52"
"Totaal mannen en vrouwen";"0 jaar";"1957";" 0.01603";"  100000";"    1603";"   72.97"
"Totaal mannen en vrouwen";"0 jaar";"1958";" 0.01603";"  100000";"    1603";"   73.14"
"Totaal mannen en vrouwen";"0 jaar";"1959";" 0.01570";"  100000";"    1570";"   73.17"
"Totaal mannen en vrouwen";"0 jaar";"1960";" 0.01585";"  100000";"    1585";"   73.32"
"Totaal mannen en vrouwen";"0 jaar";"1956 tot 1961";" 0.01622";"  100000";"    1622";"   73.03"
"Totaal mannen en vrouwen";"0 jaar";"1961";" 0.01521";"  100000";"    1521";"   73.57"
"Totaal mannen en vrouwen";"0 jaar";"1962";" 0.01507";"  100000";"    1507";"   73.22"
"Totaal mannen en vrouwen";"0 jaar";"1963";" 0.01398";"  100000";"    1398";"   73.35"
"Totaal mannen en vrouwen";"0 jaar";"1964";" 0.01327";"  100000";"    1327";"   73.73"
"Totaal mannen en vrouwen";"0 jaar";"1965";" 0.01313";"  100000";"    1313";"   73.58"
"Totaal mannen en vrouwen";"0 jaar";"1961 tot 1966";" 0.01413";"  100000";"    1413";"   73.49"
"Totaal mannen en vrouwen";"0 jaar";"1966";" 0.01311";"  100000";"    1311";"   73.53"
"Totaal mannen en vrouwen";"0 jaar";"1967";" 0.01201";"  100000";"    1201";"   73.82"
"Totaal mannen en vrouwen";"0 jaar";"1968";" 0.01211";"  100000";"    1211";"   73.63"
"Totaal mannen en vrouwen";"0 jaar";"1969";" 0.01179";"  100000";"    1179";"   73.57"
"Totaal mannen en vrouwen";"0 jaar";"1970";" 0.01119";"  100000";"    1119";"   73.60"
"Totaal mannen en vrouwen";"0 jaar";"1966 tot 1971";" 0.01204";"  100000";"    1204";"   73.63"
"Totaal mannen en vrouwen";"0 jaar";"1971";" 0.01076";"  100000";"    1076";"   73.83"
"Totaal mannen en vrouwen";"0 jaar";"1972";" 0.01038";"  100000";"    1038";"   73.75"
"Totaal mannen en vrouwen";"0 jaar";"1973";" 0.01030";"  100000";"    1030";"   74.18"
"Totaal mannen en vrouwen";"0 jaar";"1974";" 0.00988";"  100000";"     988";"   74.58"
"Totaal mannen en vrouwen";"0 jaar";"1975";" 0.00935";"  100000";"     935";"   74.53"
"Totaal mannen en vrouwen";"0 jaar";"1971 tot 1976";" 0.01017";"  100000";"    1017";"   74.17"
"Totaal mannen en vrouwen";"0 jaar";"1976";" 0.00948";"  100000";"     948";"   74.68"
"Totaal mannen en vrouwen";"0 jaar";"1977";" 0.00834";"  100000";"     834";"   75.28"
"Totaal mannen en vrouwen";"0 jaar";"1978";" 0.00825";"  100000";"     825";"   75.19"
"Totaal mannen en vrouwen";"0 jaar";"1979";" 0.00761";"  100000";"     761";"   75.69"
"Totaal mannen en vrouwen";"0 jaar";"1980";" 0.00734";"  100000";"     734";"   75.81"
"Totaal mannen en vrouwen";"0 jaar";"1976 tot 1981";" 0.00820";"  100000";"     820";"   75.33"
"Totaal mannen en vrouwen";"0 jaar";"1981";" 0.00715";"  100000";"     715";"   76.01"
"Totaal mannen en vrouwen";"0 jaar";"1982";" 0.00701";"  100000";"     701";"   76.07"
"Totaal mannen en vrouwen";"0 jaar";"1983";" 0.00711";"  100000";"     711";"   76.25"
"Totaal mannen en vrouwen";"0 jaar";"1984";" 0.00697";"  100000";"     697";"   76.33"
"Totaal mannen en vrouwen";"0 jaar";"1985";" 0.00684";"  100000";"     684";"   76.38"
"Totaal mannen en vrouwen";"0 jaar";"1981 tot 1986";" 0.00702";"  100000";"     702";"   76.21"
"Totaal mannen en vrouwen";"0 jaar";"1986";" 0.00642";"  100000";"     642";"   76.37"
"Totaal mannen en vrouwen";"0 jaar";"1987";" 0.00650";"  100000";"     650";"   76.82"
"Totaal mannen en vrouwen";"0 jaar";"1988";" 0.00592";"  100000";"     592";"   77.00"
"Totaal mannen en vrouwen";"0 jaar";"1989";" 0.00585";"  100000";"     585";"   76.84"
"Totaal mannen en vrouwen";"0 jaar";"1990";" 0.00608";"  100000";"     608";"   77.02"
"Totaal mannen en vrouwen";"0 jaar";"1986 tot 1991";" 0.00615";"  100000";"     615";"   76.82"
"Totaal mannen en vrouwen";"0 jaar";"1991";" 0.00569";"  100000";"     569";"   77.16"
"Totaal mannen en vrouwen";"0 jaar";"1992";" 0.00542";"  100000";"     542";"   77.36"
"Totaal mannen en vrouwen";"0 jaar";"1993";" 0.00547";"  100000";"     547";"   77.04"
"Totaal mannen en vrouwen";"0 jaar";"1994";" 0.00492";"  100000";"     492";"   77.52"
"Totaal mannen en vrouwen";"0 jaar";"1995";" 0.00466";"  100000";"     466";"   77.54"
"Totaal mannen en vrouwen";"0 jaar";"1991 tot 1996";" 0.00524";"  100000";"     524";"   77.32"
"Totaal mannen en vrouwen";"0 jaar";"1996";" 0.00497";"  100000";"     497";"   77.57"
"Totaal mannen en vrouwen";"0 jaar";"1997";" 0.00446";"  100000";"     446";"   77.94"
"Totaal mannen en vrouwen";"0 jaar";"1998";" 0.00468";"  100000";"     468";"   78.01"
"Totaal mannen en vrouwen";"0 jaar";"1999";" 0.00472";"  100000";"     472";"   77.97"
"Totaal mannen en vrouwen";"0 jaar";"2000";" 0.00457";"  100000";"     457";"   78.13"
"Totaal mannen en vrouwen";"0 jaar";"1996 tot 2001";" 0.00468";"  100000";"     468";"   77.93"
"Totaal mannen en vrouwen";"0 jaar";"2001";" 0.00470";"  100000";"     470";"   78.33"
"Totaal mannen en vrouwen";"0 jaar";"2002";" 0.00452";"  100000";"     452";"   78.41"
"Totaal mannen en vrouwen";"0 jaar";"2003";" 0.00432";"  100000";"     432";"   78.66"
"Totaal mannen en vrouwen";"0 jaar";"2004";" 0.00389";"  100000";"     389";"   79.24"
"Totaal mannen en vrouwen";"0 jaar";"2005";" 0.00444";"  100000";"     444";"   79.48"
"Totaal mannen en vrouwen";"0 jaar";"2001 tot 2006";" 0.00438";"  100000";"     438";"   78.83"
"Totaal mannen en vrouwen";"0 jaar";"2006";" 0.00399";"  100000";"     399";"   79.84"
"Totaal mannen en vrouwen";"0 jaar";"2007";" 0.00369";"  100000";"     369";"   80.25"
"Totaal mannen en vrouwen";"0 jaar";"2008";" 0.00338";"  100000";"     338";"   80.39"
"Totaal mannen en vrouwen";"0 jaar";"2009";" 0.00357";"  100000";"     357";"   80.67"
"Totaal mannen en vrouwen";"0 jaar";"2010";" 0.00333";"  100000";"     333";"   80.82"
"Totaal mannen en vrouwen";"0 jaar";"2006 tot 2011";" 0.00359";"  100000";"     359";"   80.40"
"Totaal mannen en vrouwen";"0 jaar";"2011";" 0.00327";"  100000";"     327";"   81.09"
"Totaal mannen en vrouwen";"0 jaar";"2012";" 0.00329";"  100000";"     329";"   81.05"
"Totaal mannen en vrouwen";"0 jaar";"2013";" 0.00330";"  100000";"     330";"   81.29"
"Totaal mannen en vrouwen";"0 jaar";"2014";" 0.00325";"  100000";"     325";"   81.64"
"Totaal mannen en vrouwen";"0 jaar";"2015";" 0.00290";"  100000";"     290";"   81.48"
"Totaal mannen en vrouwen";"0 jaar";"2011 tot 2016";" 0.00320";"  100000";"     320";"   81.31"
"Totaal mannen en vrouwen";"0 jaar";"2016";" 0.00311";"  100000";"     311";"   81.54"
"Totaal mannen en vrouwen";"0 jaar";"2017";" 0.00318";"  100000";"     318";"   81.73"
"Totaal mannen en vrouwen";"0 jaar";"2018";" 0.00310";"  100000";"     310";"   81.78"
"Totaal mannen en vrouwen";"0 jaar";"2019";" 0.00319";"  100000";"     319";"   82.05"
"Totaal mannen en vrouwen";"21 jaar";"1861 tot 1866";"       .";"       .";"       .";"       ."
"Totaal mannen en vrouwen";"21 jaar";"1866 tot 1871";"       .";"       .";"       .";"       ."
"Totaal mannen en vrouwen";"21 jaar";"1871 tot 1876";"       .";"       .";"       .";"       ."
"Totaal mannen en vrouwen";"21 jaar";"1876 tot 1881";"       .";"       .";"       .";"       ."
"Totaal mannen en vrouwen";"21 jaar";"1881 tot 1886";"       .";"       .";"       .";"       ."
"Totaal mannen en vrouwen";"21 jaar";"1886 tot 1891";"       .";"       .";"       .";"       ."
"Totaal mannen en vrouwen";"21 jaar";"1891 tot 1896";"       .";"       .";"       .";"       ."
"Totaal mannen en vrouwen";"21 jaar";"1896 tot 1901";"       .";"       .";"       .";"       ."
"Totaal mannen en vrouwen";"21 jaar";"1901 tot 1906";"       .";"       .";"       .";"       ."
"Totaal mannen en vrouwen";"21 jaar";"1906 tot 1911";"       .";"       .";"       .";"       ."
"Totaal mannen en vrouwen";"21 jaar";"1911 tot 1916";"       .";"       .";"       .";"       ."
"Totaal mannen en vrouwen";"21 jaar";"1916 tot 1921";"       .";"       .";"       .";"       ."
"Totaal mannen en vrouwen";"21 jaar";"1921 tot 1926";"       .";"       .";"       .";"       ."
"Totaal mannen en vrouwen";"21 jaar";"1926 tot 1931";"       .";"       .";"       .";"       ."
"Totaal mannen en vrouwen";"21 jaar";"1931 tot 1936";"       .";"       .";"       .";"       ."
"Totaal mannen en vrouwen";"21 jaar";"1936 tot 1941";"       .";"       .";"       .";"       ."
"Totaal mannen en vrouwen";"21 jaar";"1941 tot 1946";"       .";"       .";"       .";"       ."
"Totaal mannen en vrouwen";"21 jaar";"1950";" 0.00090";"   95821";"      86";"   53.90"
"Totaal mannen en vrouwen";"21 jaar";"1946 tot 1951";"       .";"       .";"       .";"       ."
"Totaal mannen en vrouwen";"21 jaar";"1951";" 0.00081";"   95806";"      78";"   53.97"
"Totaal mannen en vrouwen";"21 jaar";"1952";" 0.00083";"   96193";"      80";"   54.35"
"Totaal mannen en vrouwen";"21 jaar";"1953";" 0.00083";"   95979";"      79";"   54.02"
"Totaal mannen en vrouwen";"21 jaar";"1954";" 0.00058";"   96492";"      56";"   54.40"
"Totaal mannen en vrouwen";"21 jaar";"1955";" 0.00075";"   96580";"      72";"   54.44"
"Totaal mannen en vrouwen";"21 jaar";"1951 tot 1956";" 0.00076";"   96211";"      73";"   54.24"
"Totaal mannen en vrouwen";"21 jaar";"1956";" 0.00066";"   96782";"      64";"   54.32"
"Totaal mannen en vrouwen";"21 jaar";"1957";" 0.00079";"   96873";"      76";"   54.70"
"Totaal mannen en vrouwen";"21 jaar";"1958";" 0.00068";"   96949";"      66";"   54.82"
"Totaal mannen en vrouwen";"21 jaar";"1959";" 0.00060";"   96873";"      59";"   54.91"
"Totaal mannen en vrouwen";"21 jaar";"1960";" 0.00066";"   97072";"      64";"   54.92"
"Totaal mannen en vrouwen";"21 jaar";"1956 tot 1961";" 0.00068";"   96910";"      66";"   54.74"
"Totaal mannen en vrouwen";"21 jaar";"1961";" 0.00076";"   97195";"      74";"   55.08"
"Totaal mannen en vrouwen";"21 jaar";"1962";" 0.00066";"   97169";"      64";"   54.74"
"Totaal mannen en vrouwen";"21 jaar";"1963";" 0.00064";"   97328";"      62";"   54.75"
"Totaal mannen en vrouwen";"21 jaar";"1964";" 0.00069";"   97373";"      67";"   55.10"
"Totaal mannen en vrouwen";"21 jaar";"1965";" 0.00076";"   97478";"      74";"   54.87"
"Totaal mannen en vrouwen";"21 jaar";"1961 tot 1966";" 0.00070";"   97309";"      68";"   54.91"
"Totaal mannen en vrouwen";"21 jaar";"1966";" 0.00068";"   97385";"      67";"   54.88"
"Totaal mannen en vrouwen";"21 jaar";"1967";" 0.00073";"   97522";"      71";"   55.07"
"Totaal mannen en vrouwen";"21 jaar";"1968";" 0.00069";"   97518";"      67";"   54.88"
"Totaal mannen en vrouwen";"21 jaar";"1969";" 0.00079";"   97562";"      77";"   54.79"
"Totaal mannen en vrouwen";"21 jaar";"1970";" 0.00086";"   97610";"      84";"   54.78"
"Totaal mannen en vrouwen";"21 jaar";"1966 tot 1971";" 0.00075";"   97519";"      73";"   54.88"
"Totaal mannen en vrouwen";"21 jaar";"1971";" 0.00078";"   97694";"      77";"   54.95"
"Totaal mannen en vrouwen";"21 jaar";"1972";" 0.00079";"   97737";"      77";"   54.83"
"Totaal mannen en vrouwen";"21 jaar";"1973";" 0.00084";"   97812";"      82";"   55.22"
"Totaal mannen en vrouwen";"21 jaar";"1974";" 0.00069";"   97863";"      67";"   55.59"
"Totaal mannen en vrouwen";"21 jaar";"1975";" 0.00075";"   98034";"      73";"   55.42"
"Totaal mannen en vrouwen";"21 jaar";"1971 tot 1976";" 0.00077";"   97824";"      75";"   55.21"
"Totaal mannen en vrouwen";"21 jaar";"1976";" 0.00072";"   98055";"      71";"   55.56"
"Totaal mannen en vrouwen";"21 jaar";"1977";" 0.00080";"   98183";"      78";"   56.07"
"Totaal mannen en vrouwen";"21 jaar";"1978";" 0.00072";"   98147";"      71";"   56.01"
"Totaal mannen en vrouwen";"21 jaar";"1979";" 0.00061";"   98331";"      60";"   56.38"
"Totaal mannen en vrouwen";"21 jaar";"1980";" 0.00071";"   98385";"      69";"   56.47"
"Totaal mannen en vrouwen";"21 jaar";"1976 tot 1981";" 0.00071";"   98220";"      70";"   56.10"
"Totaal mannen en vrouwen";"21 jaar";"1981";" 0.00064";"   98451";"      63";"   56.63"
"Totaal mannen en vrouwen";"21 jaar";"1982";" 0.00052";"   98447";"      51";"   56.68"
"Totaal mannen en vrouwen";"21 jaar";"1983";" 0.00057";"   98485";"      57";"   56.85"
"Totaal mannen en vrouwen";"21 jaar";"1984";" 0.00054";"   98530";"      53";"   56.89"
"Totaal mannen en vrouwen";"21 jaar";"1985";" 0.00056";"   98615";"      55";"   56.89"
"Totaal mannen en vrouwen";"21 jaar";"1981 tot 1986";" 0.00057";"   98505";"      56";"   56.79"
"Totaal mannen en vrouwen";"21 jaar";"1986";" 0.00053";"   98629";"      53";"   56.87"
"Totaal mannen en vrouwen";"21 jaar";"1987";" 0.00051";"   98652";"      51";"   57.30"
"Totaal mannen en vrouwen";"21 jaar";"1988";" 0.00046";"   98761";"      46";"   57.41"
"Totaal mannen en vrouwen";"21 jaar";"1989";" 0.00052";"   98750";"      52";"   57.24"
"Totaal mannen en vrouwen";"21 jaar";"1990";" 0.00057";"   98705";"      56";"   57.47"
"Totaal mannen en vrouwen";"21 jaar";"1986 tot 1991";" 0.00052";"   98701";"      51";"   57.26"
"Totaal mannen en vrouwen";"21 jaar";"1991";" 0.00058";"   98793";"      57";"   57.53"
"Totaal mannen en vrouwen";"21 jaar";"1992";" 0.00042";"   98842";"      42";"   57.70"
"Totaal mannen en vrouwen";"21 jaar";"1993";" 0.00047";"   98844";"      46";"   57.38"
"Totaal mannen en vrouwen";"21 jaar";"1994";" 0.00046";"   98948";"      46";"   57.78"
"Totaal mannen en vrouwen";"21 jaar";"1995";" 0.00046";"   98941";"      45";"   57.81"
"Totaal mannen en vrouwen";"21 jaar";"1991 tot 1996";" 0.00048";"   98870";"      47";"   57.64"
"Totaal mannen en vrouwen";"21 jaar";"1996";" 0.00051";"   98951";"      51";"   57.83"
"Totaal mannen en vrouwen";"21 jaar";"1997";" 0.00050";"   99046";"      50";"   58.14"
"Totaal mannen en vrouwen";"21 jaar";"1998";" 0.00051";"   99038";"      51";"   58.21"
"Totaal mannen en vrouwen";"21 jaar";"1999";" 0.00041";"   99026";"      40";"   58.18"
"Totaal mannen en vrouwen";"21 jaar";"2000";" 0.00054";"   99027";"      53";"   58.34"
"Totaal mannen en vrouwen";"21 jaar";"1996 tot 2001";" 0.00049";"   99018";"      49";"   58.14"
"Totaal mannen en vrouwen";"21 jaar";"2001";" 0.00037";"   99030";"      37";"   58.54"
"Totaal mannen en vrouwen";"21 jaar";"2002";" 0.00036";"   99054";"      36";"   58.60"
"Totaal mannen en vrouwen";"21 jaar";"2003";" 0.00033";"   99104";"      33";"   58.82"
"Totaal mannen en vrouwen";"21 jaar";"2004";" 0.00038";"   99203";"      38";"   59.33"
"Totaal mannen en vrouwen";"21 jaar";"2005";" 0.00039";"   99158";"      39";"   59.62"
"Totaal mannen en vrouwen";"21 jaar";"2001 tot 2006";" 0.00037";"   99107";"      36";"   58.99"
"Totaal mannen en vrouwen";"21 jaar";"2006";" 0.00043";"   99236";"      42";"   59.92"
"Totaal mannen en vrouwen";"21 jaar";"2007";" 0.00039";"   99269";"      39";"   60.30"
"Totaal mannen en vrouwen";"21 jaar";"2008";" 0.00032";"   99329";"      31";"   60.39"
"Totaal mannen en vrouwen";"21 jaar";"2009";" 0.00031";"   99319";"      31";"   60.69"
"Totaal mannen en vrouwen";"21 jaar";"2010";" 0.00024";"   99348";"      24";"   60.82"
"Totaal mannen en vrouwen";"21 jaar";"2006 tot 2011";" 0.00034";"   99298";"      33";"   60.43"
"Totaal mannen en vrouwen";"21 jaar";"2011";" 0.00031";"   99365";"      31";"   61.08"
"Totaal mannen en vrouwen";"21 jaar";"2012";" 0.00033";"   99355";"      33";"   61.05"
"Totaal mannen en vrouwen";"21 jaar";"2013";" 0.00028";"   99375";"      28";"   61.26"
"Totaal mannen en vrouwen";"21 jaar";"2014";" 0.00022";"   99375";"      21";"   61.62"
"Totaal mannen en vrouwen";"21 jaar";"2015";" 0.00026";"   99438";"      26";"   61.41"
"Totaal mannen en vrouwen";"21 jaar";"2011 tot 2016";" 0.00028";"   99383";"      28";"   61.28"
"Totaal mannen en vrouwen";"21 jaar";"2016";" 0.00024";"   99417";"      24";"   61.49"
"Totaal mannen en vrouwen";"21 jaar";"2017";" 0.00024";"   99377";"      24";"   61.71"
"Totaal mannen en vrouwen";"21 jaar";"2018";" 0.00025";"   99414";"      24";"   61.73"
"Totaal mannen en vrouwen";"21 jaar";"2019";" 0.00025";"   99401";"      24";"   62.01"
"Totaal mannen en vrouwen";"61 jaar";"1861 tot 1866";"       .";"       .";"       .";"       ."
"Totaal mannen en vrouwen";"61 jaar";"1866 tot 1871";"       .";"       .";"       .";"       ."
"Totaal mannen en vrouwen";"61 jaar";"1871 tot 1876";"       .";"       .";"       .";"       ."
"Totaal mannen en vrouwen";"61 jaar";"1876 tot 1881";"       .";"       .";"       .";"       ."
"Totaal mannen en vrouwen";"61 jaar";"1881 tot 1886";"       .";"       .";"       .";"       ."
"Totaal mannen en vrouwen";"61 jaar";"1886 tot 1891";"       .";"       .";"       .";"       ."
"Totaal mannen en vrouwen";"61 jaar";"1891 tot 1896";"       .";"       .";"       .";"       ."
"Totaal mannen en vrouwen";"61 jaar";"1896 tot 1901";"       .";"       .";"       .";"       ."
"Totaal mannen en vrouwen";"61 jaar";"1901 tot 1906";"       .";"       .";"       .";"       ."
"Totaal mannen en vrouwen";"61 jaar";"1906 tot 1911";"       .";"       .";"       .";"       ."
"Totaal mannen en vrouwen";"61 jaar";"1911 tot 1916";"       .";"       .";"       .";"       ."
"Totaal mannen en vrouwen";"61 jaar";"1916 tot 1921";"       .";"       .";"       .";"       ."
"Totaal mannen en vrouwen";"61 jaar";"1921 tot 1926";"       .";"       .";"       .";"       ."
"Totaal mannen en vrouwen";"61 jaar";"1926 tot 1931";"       .";"       .";"       .";"       ."
"Totaal mannen en vrouwen";"61 jaar";"1931 tot 1936";"       .";"       .";"       .";"       ."
"Totaal mannen en vrouwen";"61 jaar";"1936 tot 1941";"       .";"       .";"       .";"       ."
"Totaal mannen en vrouwen";"61 jaar";"1941 tot 1946";"       .";"       .";"       .";"       ."
"Totaal mannen en vrouwen";"61 jaar";"1950";" 0.01282";"   83346";"    1068";"   17.68"
"Totaal mannen en vrouwen";"61 jaar";"1946 tot 1951";"       .";"       .";"       .";"       ."
"Totaal mannen en vrouwen";"61 jaar";"1951";" 0.01305";"   83359";"    1088";"   17.76"
"Totaal mannen en vrouwen";"61 jaar";"1952";" 0.01277";"   84067";"    1073";"   18.00"
"Totaal mannen en vrouwen";"61 jaar";"1953";" 0.01332";"   83410";"    1111";"   17.81"
"Totaal mannen en vrouwen";"61 jaar";"1954";" 0.01293";"   84339";"    1091";"   18.00"
"Totaal mannen en vrouwen";"61 jaar";"1955";" 0.01344";"   84696";"    1138";"   17.95"
"Totaal mannen en vrouwen";"61 jaar";"1951 tot 1956";" 0.01311";"   83972";"    1100";"   17.90"
"Totaal mannen en vrouwen";"61 jaar";"1956";" 0.01313";"   85027";"    1116";"   17.76"
"Totaal mannen en vrouwen";"61 jaar";"1957";" 0.01319";"   85304";"    1125";"   18.15"
"Totaal mannen en vrouwen";"61 jaar";"1958";" 0.01297";"   85525";"    1109";"   18.21"
"Totaal mannen en vrouwen";"61 jaar";"1959";" 0.01244";"   85392";"    1062";"   18.33"
"Totaal mannen en vrouwen";"61 jaar";"1960";" 0.01312";"   85529";"    1122";"   18.34"
"Totaal mannen en vrouwen";"61 jaar";"1956 tot 1961";" 0.01297";"   85360";"    1107";"   18.16"
"Totaal mannen en vrouwen";"61 jaar";"1961";" 0.01279";"   85753";"    1097";"   18.49"
"Totaal mannen en vrouwen";"61 jaar";"1962";" 0.01324";"   85435";"    1131";"   18.20"
"Totaal mannen en vrouwen";"61 jaar";"1963";" 0.01288";"   85659";"    1103";"   18.17"
"Totaal mannen en vrouwen";"61 jaar";"1964";" 0.01285";"   85675";"    1101";"   18.58"
"Totaal mannen en vrouwen";"61 jaar";"1965";" 0.01280";"   85593";"    1096";"   18.38"
"Totaal mannen en vrouwen";"61 jaar";"1961 tot 1966";" 0.01291";"   85621";"    1106";"   18.36"
"Totaal mannen en vrouwen";"61 jaar";"1966";" 0.01284";"   85473";"    1098";"   18.39"
"Totaal mannen en vrouwen";"61 jaar";"1967";" 0.01358";"   85667";"    1163";"   18.61"
"Totaal mannen en vrouwen";"61 jaar";"1968";" 0.01337";"   85628";"    1145";"   18.39"
"Totaal mannen en vrouwen";"61 jaar";"1969";" 0.01366";"   85517";"    1169";"   18.33"
"Totaal mannen en vrouwen";"61 jaar";"1970";" 0.01325";"   85447";"    1133";"   18.35"
"Totaal mannen en vrouwen";"61 jaar";"1966 tot 1971";" 0.01334";"   85548";"    1142";"   18.41"
"Totaal mannen en vrouwen";"61 jaar";"1971";" 0.01316";"   85781";"    1129";"   18.46"
"Totaal mannen en vrouwen";"61 jaar";"1972";" 0.01347";"   85710";"    1155";"   18.36"
"Totaal mannen en vrouwen";"61 jaar";"1973";" 0.01260";"   86043";"    1084";"   18.74"
"Totaal mannen en vrouwen";"61 jaar";"1974";" 0.01250";"   86502";"    1081";"   18.97"
"Totaal mannen en vrouwen";"61 jaar";"1975";" 0.01276";"   86636";"    1105";"   18.78"
"Totaal mannen en vrouwen";"61 jaar";"1971 tot 1976";" 0.01289";"   86135";"    1110";"   18.66"
"Totaal mannen en vrouwen";"61 jaar";"1976";" 0.01293";"   86849";"    1123";"   18.90"
"Totaal mannen en vrouwen";"61 jaar";"1977";" 0.01277";"   87083";"    1112";"   19.43"
"Totaal mannen en vrouwen";"61 jaar";"1978";" 0.01201";"   87232";"    1048";"   19.30"
"Totaal mannen en vrouwen";"61 jaar";"1979";" 0.01237";"   87671";"    1085";"   19.60"
"Totaal mannen en vrouwen";"61 jaar";"1980";" 0.01158";"   87857";"    1017";"   19.68"
"Totaal mannen en vrouwen";"61 jaar";"1976 tot 1981";" 0.01233";"   87348";"    1077";"   19.38"
"Totaal mannen en vrouwen";"61 jaar";"1981";" 0.01118";"   88133";"     985";"   19.76"
"Totaal mannen en vrouwen";"61 jaar";"1982";" 0.01150";"   88130";"    1013";"   19.81"
"Totaal mannen en vrouwen";"61 jaar";"1983";" 0.01120";"   88356";"     990";"   19.94"
"Totaal mannen en vrouwen";"61 jaar";"1984";" 0.01130";"   88464";"     999";"   19.96"
"Totaal mannen en vrouwen";"61 jaar";"1985";" 0.01103";"   88568";"     977";"   19.93"
"Totaal mannen en vrouwen";"61 jaar";"1981 tot 1986";" 0.01124";"   88331";"     993";"   19.88"
"Totaal mannen en vrouwen";"61 jaar";"1986";" 0.01122";"   88499";"     993";"   19.95"
"Totaal mannen en vrouwen";"61 jaar";"1987";" 0.01070";"   88862";"     951";"   20.31"
"Totaal mannen en vrouwen";"61 jaar";"1988";" 0.01058";"   89321";"     945";"   20.32"
"Totaal mannen en vrouwen";"61 jaar";"1989";" 0.01059";"   89063";"     943";"   20.21"
"Totaal mannen en vrouwen";"61 jaar";"1990";" 0.01022";"   89345";"     913";"   20.36"
"Totaal mannen en vrouwen";"61 jaar";"1986 tot 1991";" 0.01066";"   89026";"     949";"   20.23"
"Totaal mannen en vrouwen";"61 jaar";"1991";" 0.01046";"   89570";"     937";"   20.40"
"Totaal mannen en vrouwen";"61 jaar";"1992";" 0.01010";"   89702";"     906";"   20.57"
"Totaal mannen en vrouwen";"61 jaar";"1993";" 0.01009";"   89570";"     904";"   20.25"
"Totaal mannen en vrouwen";"61 jaar";"1994";" 0.00992";"   89959";"     893";"   20.60"
"Totaal mannen en vrouwen";"61 jaar";"1995";" 0.00992";"   90094";"     893";"   20.59"
"Totaal mannen en vrouwen";"61 jaar";"1991 tot 1996";" 0.01010";"   89781";"     907";"   20.48"
"Totaal mannen en vrouwen";"61 jaar";"1996";" 0.00971";"   90094";"     875";"   20.62"
"Totaal mannen en vrouwen";"61 jaar";"1997";" 0.00951";"   90444";"     860";"   20.85"
"Totaal mannen en vrouwen";"61 jaar";"1998";" 0.00932";"   90589";"     844";"   20.88"
"Totaal mannen en vrouwen";"61 jaar";"1999";" 0.00922";"   90471";"     834";"   20.89"
"Totaal mannen en vrouwen";"61 jaar";"2000";" 0.00871";"   90537";"     788";"   21.03"
"Totaal mannen en vrouwen";"61 jaar";"1996 tot 2001";" 0.00928";"   90428";"     839";"   20.86"
"Totaal mannen en vrouwen";"61 jaar";"2001";" 0.00820";"   90669";"     743";"   21.20"
"Totaal mannen en vrouwen";"61 jaar";"2002";" 0.00841";"   90838";"     764";"   21.22"
"Totaal mannen en vrouwen";"61 jaar";"2003";" 0.00842";"   90936";"     766";"   21.42"
"Totaal mannen en vrouwen";"61 jaar";"2004";" 0.00801";"   91365";"     731";"   21.85"
"Totaal mannen en vrouwen";"61 jaar";"2005";" 0.00758";"   91762";"     695";"   22.02"
"Totaal mannen en vrouwen";"61 jaar";"2001 tot 2006";" 0.00810";"   91125";"     739";"   21.54"
"Totaal mannen en vrouwen";"61 jaar";"2006";" 0.00780";"   92073";"     718";"   22.25"
"Totaal mannen en vrouwen";"61 jaar";"2007";" 0.00734";"   92346";"     678";"   22.56"
"Totaal mannen en vrouwen";"61 jaar";"2008";" 0.00752";"   92344";"     694";"   22.69"
"Totaal mannen en vrouwen";"61 jaar";"2009";" 0.00718";"   92588";"     665";"   22.91"
"Totaal mannen en vrouwen";"61 jaar";"2010";" 0.00696";"   92723";"     645";"   23.00"
"Totaal mannen en vrouwen";"61 jaar";"2006 tot 2011";" 0.00735";"   92412";"     679";"   22.69"
"Totaal mannen en vrouwen";"61 jaar";"2011";" 0.00655";"   92827";"     608";"   23.25"
"Totaal mannen en vrouwen";"61 jaar";"2012";" 0.00690";"   92915";"     641";"   23.18"
"Totaal mannen en vrouwen";"61 jaar";"2013";" 0.00675";"   93133";"     629";"   23.34"
"Totaal mannen en vrouwen";"61 jaar";"2014";" 0.00685";"   93336";"     640";"   23.66"
"Totaal mannen en vrouwen";"61 jaar";"2015";" 0.00676";"   93464";"     632";"   23.41"
"Totaal mannen en vrouwen";"61 jaar";"2011 tot 2016";" 0.00676";"   93133";"     630";"   23.37"
"Totaal mannen en vrouwen";"61 jaar";"2016";" 0.00655";"   93431";"     612";"   23.51"
"Totaal mannen en vrouwen";"61 jaar";"2017";" 0.00655";"   93641";"     613";"   23.65"
"Totaal mannen en vrouwen";"61 jaar";"2018";" 0.00632";"   93730";"     592";"   23.65"
"Totaal mannen en vrouwen";"61 jaar";"2019";" 0.00590";"   93895";"     554";"   23.90"
"Totaal mannen en vrouwen";"81 jaar";"1861 tot 1866";"       .";"       .";"       .";"       ."
"Totaal mannen en vrouwen";"81 jaar";"1866 tot 1871";"       .";"       .";"       .";"       ."
"Totaal mannen en vrouwen";"81 jaar";"1871 tot 1876";"       .";"       .";"       .";"       ."
"Totaal mannen en vrouwen";"81 jaar";"1876 tot 1881";"       .";"       .";"       .";"       ."
"Totaal mannen en vrouwen";"81 jaar";"1881 tot 1886";"       .";"       .";"       .";"       ."
"Totaal mannen en vrouwen";"81 jaar";"1886 tot 1891";"       .";"       .";"       .";"       ."
"Totaal mannen en vrouwen";"81 jaar";"1891 tot 1896";"       .";"       .";"       .";"       ."
"Totaal mannen en vrouwen";"81 jaar";"1896 tot 1901";"       .";"       .";"       .";"       ."
"Totaal mannen en vrouwen";"81 jaar";"1901 tot 1906";"       .";"       .";"       .";"       ."
"Totaal mannen en vrouwen";"81 jaar";"1906 tot 1911";"       .";"       .";"       .";"       ."
"Totaal mannen en vrouwen";"81 jaar";"1911 tot 1916";"       .";"       .";"       .";"       ."
"Totaal mannen en vrouwen";"81 jaar";"1916 tot 1921";"       .";"       .";"       .";"       ."
"Totaal mannen en vrouwen";"81 jaar";"1921 tot 1926";"       .";"       .";"       .";"       ."
"Totaal mannen en vrouwen";"81 jaar";"1926 tot 1931";"       .";"       .";"       .";"       ."
"Totaal mannen en vrouwen";"81 jaar";"1931 tot 1936";"       .";"       .";"       .";"       ."
"Totaal mannen en vrouwen";"81 jaar";"1936 tot 1941";"       .";"       .";"       .";"       ."
"Totaal mannen en vrouwen";"81 jaar";"1941 tot 1946";"       .";"       .";"       .";"       ."
"Totaal mannen en vrouwen";"81 jaar";"1950";" 0.10512";"   34461";"    3623";"    5.70"
"Totaal mannen en vrouwen";"81 jaar";"1946 tot 1951";"       .";"       .";"       .";"       ."
"Totaal mannen en vrouwen";"81 jaar";"1951";" 0.10744";"   34460";"    3702";"    5.70"
"Totaal mannen en vrouwen";"81 jaar";"1952";" 0.10777";"   35950";"    3874";"    5.88"
"Totaal mannen en vrouwen";"81 jaar";"1953";" 0.10503";"   34779";"    3653";"    5.77"
"Totaal mannen en vrouwen";"81 jaar";"1954";" 0.10327";"   36103";"    3728";"    5.88"
"Totaal mannen en vrouwen";"81 jaar";"1955";" 0.10644";"   36250";"    3858";"    5.76"
"Totaal mannen en vrouwen";"81 jaar";"1951 tot 1956";" 0.10590";"   35519";"    3762";"    5.80"
"Totaal mannen en vrouwen";"81 jaar";"1956";" 0.10746";"   35654";"    3831";"    5.59"
"Totaal mannen en vrouwen";"81 jaar";"1957";" 0.09891";"   37170";"    3677";"    5.93"
"Totaal mannen en vrouwen";"81 jaar";"1958";" 0.10273";"   37664";"    3869";"    5.90"
"Totaal mannen en vrouwen";"81 jaar";"1959";" 0.09861";"   38156";"    3762";"    5.99"
"Totaal mannen en vrouwen";"81 jaar";"1960";" 0.10217";"   38398";"    3923";"    5.97"
"Totaal mannen en vrouwen";"81 jaar";"1956 tot 1961";" 0.10190";"   37428";"    3814";"    5.88"
"Totaal mannen en vrouwen";"81 jaar";"1961";" 0.09745";"   39054";"    3806";"    6.17"
"Totaal mannen en vrouwen";"81 jaar";"1962";" 0.10395";"   37966";"    3946";"    5.90"
"Totaal mannen en vrouwen";"81 jaar";"1963";" 0.10047";"   37914";"    3809";"    5.94"
"Totaal mannen en vrouwen";"81 jaar";"1964";" 0.09312";"   39254";"    3655";"    6.44"
"Totaal mannen en vrouwen";"81 jaar";"1965";" 0.09483";"   38471";"    3648";"    6.24"
"Totaal mannen en vrouwen";"81 jaar";"1961 tot 1966";" 0.09788";"   38530";"    3771";"    6.13"
"Totaal mannen en vrouwen";"81 jaar";"1966";" 0.09375";"   38524";"    3611";"    6.23"
"Totaal mannen en vrouwen";"81 jaar";"1967";" 0.09100";"   39377";"    3583";"    6.51"
"Totaal mannen en vrouwen";"81 jaar";"1968";" 0.09396";"   38721";"    3638";"    6.21"
"Totaal mannen en vrouwen";"81 jaar";"1969";" 0.09439";"   38319";"    3617";"    6.31"
"Totaal mannen en vrouwen";"81 jaar";"1970";" 0.09490";"   38417";"    3646";"    6.33"
"Totaal mannen en vrouwen";"81 jaar";"1966 tot 1971";" 0.09363";"   38664";"    3620";"    6.32"
"Totaal mannen en vrouwen";"81 jaar";"1971";" 0.09151";"   38879";"    3558";"    6.34"
"Totaal mannen en vrouwen";"81 jaar";"1972";" 0.09555";"   38390";"    3668";"    6.28"
"Totaal mannen en vrouwen";"81 jaar";"1973";" 0.08812";"   40159";"    3539";"    6.49"
"Totaal mannen en vrouwen";"81 jaar";"1974";" 0.08579";"   41236";"    3538";"    6.68"
"Totaal mannen en vrouwen";"81 jaar";"1975";" 0.08953";"   40613";"    3636";"    6.54"
"Totaal mannen en vrouwen";"81 jaar";"1971 tot 1976";" 0.09002";"   39861";"    3588";"    6.47"
"Totaal mannen en vrouwen";"81 jaar";"1976";" 0.08653";"   41049";"    3552";"    6.68"
"Totaal mannen en vrouwen";"81 jaar";"1977";" 0.07864";"   42885";"    3373";"    7.14"
"Totaal mannen en vrouwen";"81 jaar";"1978";" 0.08291";"   42597";"    3532";"    6.96"
"Totaal mannen en vrouwen";"81 jaar";"1979";" 0.07912";"   43870";"    3471";"    7.23"
"Totaal mannen en vrouwen";"81 jaar";"1980";" 0.07863";"   44167";"    3473";"    7.26"
"Totaal mannen en vrouwen";"81 jaar";"1976 tot 1981";" 0.08108";"   42926";"    3481";"    7.06"
"Totaal mannen en vrouwen";"81 jaar";"1981";" 0.07799";"   44693";"    3485";"    7.28"
"Totaal mannen en vrouwen";"81 jaar";"1982";" 0.07396";"   45030";"    3330";"    7.26"
"Totaal mannen en vrouwen";"81 jaar";"1983";" 0.07537";"   45679";"    3443";"    7.29"
"Totaal mannen en vrouwen";"81 jaar";"1984";" 0.07588";"   45743";"    3471";"    7.33"
"Totaal mannen en vrouwen";"81 jaar";"1985";" 0.07588";"   45868";"    3480";"    7.26"
"Totaal mannen en vrouwen";"81 jaar";"1981 tot 1986";" 0.07579";"   45407";"    3441";"    7.28"
"Totaal mannen en vrouwen";"81 jaar";"1986";" 0.07514";"   45988";"    3455";"    7.24"
"Totaal mannen en vrouwen";"81 jaar";"1987";" 0.07077";"   47363";"    3352";"    7.52"
"Totaal mannen en vrouwen";"81 jaar";"1988";" 0.07348";"   47767";"    3510";"    7.46"
"Totaal mannen en vrouwen";"81 jaar";"1989";" 0.07320";"   47266";"    3460";"    7.33"
"Totaal mannen en vrouwen";"81 jaar";"1990";" 0.07332";"   48073";"    3525";"    7.38"
"Totaal mannen en vrouwen";"81 jaar";"1986 tot 1991";" 0.07318";"   47302";"    3462";"    7.38"
"Totaal mannen en vrouwen";"81 jaar";"1991";" 0.07174";"   48356";"    3469";"    7.43"
"Totaal mannen en vrouwen";"81 jaar";"1992";" 0.07153";"   49112";"    3513";"    7.51"
"Totaal mannen en vrouwen";"81 jaar";"1993";" 0.07428";"   48120";"    3574";"    7.20"
"Totaal mannen en vrouwen";"81 jaar";"1994";" 0.06924";"   49478";"    3426";"    7.46"
"Totaal mannen en vrouwen";"81 jaar";"1995";" 0.06999";"   49577";"    3470";"    7.43"
"Totaal mannen en vrouwen";"81 jaar";"1991 tot 1996";" 0.07133";"   48933";"    3490";"    7.40"
"Totaal mannen en vrouwen";"81 jaar";"1996";" 0.06916";"   49533";"    3426";"    7.44"
"Totaal mannen en vrouwen";"81 jaar";"1997";" 0.07097";"   50805";"    3605";"    7.52"
"Totaal mannen en vrouwen";"81 jaar";"1998";" 0.06915";"   51193";"    3540";"    7.51"
"Totaal mannen en vrouwen";"81 jaar";"1999";" 0.06857";"   51231";"    3513";"    7.45"
"Totaal mannen en vrouwen";"81 jaar";"2000";" 0.06836";"   51826";"    3543";"    7.48"
"Totaal mannen en vrouwen";"81 jaar";"1996 tot 2001";" 0.06924";"   50927";"    3526";"    7.48"
"Totaal mannen en vrouwen";"81 jaar";"2001";" 0.06676";"   52454";"    3502";"    7.57"
"Totaal mannen en vrouwen";"81 jaar";"2002";" 0.06913";"   52739";"    3646";"    7.53"
"Totaal mannen en vrouwen";"81 jaar";"2003";" 0.06582";"   53750";"    3538";"    7.57"
"Totaal mannen en vrouwen";"81 jaar";"2004";" 0.06286";"   55523";"    3490";"    7.86"
"Totaal mannen en vrouwen";"81 jaar";"2005";" 0.06137";"   56411";"    3462";"    7.91"
"Totaal mannen en vrouwen";"81 jaar";"2001 tot 2006";" 0.06517";"   54174";"    3530";"    7.69"
"Totaal mannen en vrouwen";"81 jaar";"2006";" 0.05949";"   57632";"    3428";"    8.00"
"Totaal mannen en vrouwen";"81 jaar";"2007";" 0.05638";"   58895";"    3321";"    8.21"
"Totaal mannen en vrouwen";"81 jaar";"2008";" 0.05589";"   59620";"    3332";"    8.20"
"Totaal mannen en vrouwen";"81 jaar";"2009";" 0.05532";"   60486";"    3346";"    8.37"
"Totaal mannen en vrouwen";"81 jaar";"2010";" 0.05387";"   60864";"    3279";"    8.44"
"Totaal mannen en vrouwen";"81 jaar";"2006 tot 2011";" 0.05615";"   59515";"    3342";"    8.25"
"Totaal mannen en vrouwen";"81 jaar";"2011";" 0.05393";"   61969";"    3342";"    8.54"
"Totaal mannen en vrouwen";"81 jaar";"2012";" 0.05230";"   62040";"    3245";"    8.44"
"Totaal mannen en vrouwen";"81 jaar";"2013";" 0.05214";"   62821";"    3275";"    8.53"
"Totaal mannen en vrouwen";"81 jaar";"2014";" 0.04788";"   64014";"    3065";"    8.73"
"Totaal mannen en vrouwen";"81 jaar";"2015";" 0.05106";"   63491";"    3242";"    8.52"
"Totaal mannen en vrouwen";"81 jaar";"2011 tot 2016";" 0.05146";"   62886";"    3236";"    8.55"
"Totaal mannen en vrouwen";"81 jaar";"2016";" 0.04851";"   63834";"    3096";"    8.57"
"Totaal mannen en vrouwen";"81 jaar";"2017";" 0.04881";"   64649";"    3155";"    8.59"
"Totaal mannen en vrouwen";"81 jaar";"2018";" 0.04604";"   64688";"    2978";"    8.61"
"Totaal mannen en vrouwen";"81 jaar";"2019";" 0.04597";"   65464";"    3009";"    8.77"
"Mannen";"0 jaar";"1861 tot 1866";" 0.15698";"  100000";"   15698";"   36.46"
"Mannen";"0 jaar";"1866 tot 1871";" 0.16077";"  100000";"   16077";"   36.50"
"Mannen";"0 jaar";"1871 tot 1876";" 0.17535";"  100000";"   17535";"   36.35"
"Mannen";"0 jaar";"1876 tot 1881";" 0.16261";"  100000";"   16261";"   39.84"
"Mannen";"0 jaar";"1881 tot 1886";" 0.14853";"  100000";"   14853";"   41.41"
"Mannen";"0 jaar";"1886 tot 1891";" 0.14453";"  100000";"   14453";"   42.52"
"Mannen";"0 jaar";"1891 tot 1896";" 0.13582";"  100000";"   13582";"   44.10"
"Mannen";"0 jaar";"1896 tot 1901";" 0.12711";"  100000";"   12711";"   47.49"
"Mannen";"0 jaar";"1901 tot 1906";" 0.11416";"  100000";"   11416";"   49.35"
"Mannen";"0 jaar";"1906 tot 1911";" 0.09746";"  100000";"    9746";"   52.64"
"Mannen";"0 jaar";"1911 tot 1916";" 0.08657";"  100000";"    8657";"   55.32"
"Mannen";"0 jaar";"1916 tot 1921";" 0.07355";"  100000";"    7355";"   53.35"
"Mannen";"0 jaar";"1921 tot 1926";" 0.05455";"  100000";"    5455";"   60.78"
"Mannen";"0 jaar";"1926 tot 1931";" 0.04456";"  100000";"    4456";"   62.48"
"Mannen";"0 jaar";"1931 tot 1936";" 0.03721";"  100000";"    3721";"   65.07"
"Mannen";"0 jaar";"1936 tot 1941";" 0.03213";"  100000";"    3213";"   65.87"
"Mannen";"0 jaar";"1941 tot 1946";" 0.04237";"  100000";"    4237";"   59.70"
"Mannen";"0 jaar";"1950";" 0.02535";"  100000";"    2535";"   70.29"
"Mannen";"0 jaar";"1946 tot 1951";" 0.02819";"  100000";"    2819";"   68.69"
"Mannen";"0 jaar";"1951";" 0.02566";"  100000";"    2566";"   70.24"
"Mannen";"0 jaar";"1952";" 0.02300";"  100000";"    2300";"   70.96"
"Mannen";"0 jaar";"1953";" 0.02332";"  100000";"    2332";"   70.41"
"Mannen";"0 jaar";"1954";" 0.02178";"  100000";"    2178";"   70.96"
"Mannen";"0 jaar";"1955";" 0.02177";"  100000";"    2177";"   70.94"
"Mannen";"0 jaar";"1951 tot 1956";" 0.02310";"  100000";"    2310";"   70.70"
"Mannen";"0 jaar";"1956";" 0.01990";"  100000";"    1990";"   70.97"
"Mannen";"0 jaar";"1957";" 0.01803";"  100000";"    1803";"   71.38"
"Mannen";"0 jaar";"1958";" 0.01779";"  100000";"    1779";"   71.46"
"Mannen";"0 jaar";"1959";" 0.01778";"  100000";"    1778";"   71.24"
"Mannen";"0 jaar";"1960";" 0.01813";"  100000";"    1813";"   71.39"
"Mannen";"0 jaar";"1956 tot 1961";" 0.01832";"  100000";"    1832";"   71.29"
"Mannen";"0 jaar";"1961";" 0.01747";"  100000";"    1747";"   71.45"
"Mannen";"0 jaar";"1962";" 0.01698";"  100000";"    1698";"   70.95"
"Mannen";"0 jaar";"1963";" 0.01597";"  100000";"    1597";"   71.02"
"Mannen";"0 jaar";"1964";" 0.01503";"  100000";"    1503";"   71.28"
"Mannen";"0 jaar";"1965";" 0.01467";"  100000";"    1467";"   71.11"
"Mannen";"0 jaar";"1961 tot 1966";" 0.01602";"  100000";"    1602";"   71.16"
"Mannen";"0 jaar";"1966";" 0.01501";"  100000";"    1501";"   71.03"
"Mannen";"0 jaar";"1967";" 0.01342";"  100000";"    1342";"   71.17"
"Mannen";"0 jaar";"1968";" 0.01401";"  100000";"    1401";"   70.92"
"Mannen";"0 jaar";"1969";" 0.01362";"  100000";"    1362";"   70.92"
"Mannen";"0 jaar";"1970";" 0.01263";"  100000";"    1263";"   70.81"
"Mannen";"0 jaar";"1966 tot 1971";" 0.01374";"  100000";"    1374";"   70.97"
"Mannen";"0 jaar";"1971";" 0.01243";"  100000";"    1243";"   70.99"
"Mannen";"0 jaar";"1972";" 0.01195";"  100000";"    1195";"   70.81"
"Mannen";"0 jaar";"1973";" 0.01143";"  100000";"    1143";"   71.30"
"Mannen";"0 jaar";"1974";" 0.01106";"  100000";"    1106";"   71.61"
"Mannen";"0 jaar";"1975";" 0.01067";"  100000";"    1067";"   71.45"
"Mannen";"0 jaar";"1971 tot 1976";" 0.01156";"  100000";"    1156";"   71.23"
"Mannen";"0 jaar";"1976";" 0.01035";"  100000";"    1035";"   71.53"
"Mannen";"0 jaar";"1977";" 0.00972";"  100000";"     972";"   72.08"
"Mannen";"0 jaar";"1978";" 0.00951";"  100000";"     951";"   71.95"
"Mannen";"0 jaar";"1979";" 0.00873";"  100000";"     873";"   72.46"
"Mannen";"0 jaar";"1980";" 0.00827";"  100000";"     827";"   72.48"
"Mannen";"0 jaar";"1976 tot 1981";" 0.00931";"  100000";"     931";"   72.10"
"Mannen";"0 jaar";"1981";" 0.00812";"  100000";"     812";"   72.71"
"Mannen";"0 jaar";"1982";" 0.00795";"  100000";"     795";"   72.73"
"Mannen";"0 jaar";"1983";" 0.00780";"  100000";"     780";"   72.93"
"Mannen";"0 jaar";"1984";" 0.00807";"  100000";"     807";"   72.96"
"Mannen";"0 jaar";"1985";" 0.00769";"  100000";"     769";"   73.08"
"Mannen";"0 jaar";"1981 tot 1986";" 0.00793";"  100000";"     793";"   72.88"
"Mannen";"0 jaar";"1986";" 0.00701";"  100000";"     701";"   73.09"
"Mannen";"0 jaar";"1987";" 0.00749";"  100000";"     749";"   73.51"
"Mannen";"0 jaar";"1988";" 0.00701";"  100000";"     701";"   73.68"
"Mannen";"0 jaar";"1989";" 0.00652";"  100000";"     652";"   73.66"
"Mannen";"0 jaar";"1990";" 0.00688";"  100000";"     688";"   73.84"
"Mannen";"0 jaar";"1986 tot 1991";" 0.00698";"  100000";"     698";"   73.56"
"Mannen";"0 jaar";"1991";" 0.00678";"  100000";"     678";"   74.05"
"Mannen";"0 jaar";"1992";" 0.00583";"  100000";"     583";"   74.30"
"Mannen";"0 jaar";"1993";" 0.00618";"  100000";"     618";"   73.98"
"Mannen";"0 jaar";"1994";" 0.00547";"  100000";"     547";"   74.58"
"Mannen";"0 jaar";"1995";" 0.00536";"  100000";"     536";"   74.60"
"Mannen";"0 jaar";"1991 tot 1996";" 0.00593";"  100000";"     593";"   74.30"
"Mannen";"0 jaar";"1996";" 0.00541";"  100000";"     541";"   74.66"
"Mannen";"0 jaar";"1997";" 0.00486";"  100000";"     486";"   75.16"
"Mannen";"0 jaar";"1998";" 0.00539";"  100000";"     539";"   75.19"
"Mannen";"0 jaar";"1999";" 0.00494";"  100000";"     494";"   75.34"
"Mannen";"0 jaar";"2000";" 0.00494";"  100000";"     494";"   75.54"
"Mannen";"0 jaar";"1996 tot 2001";" 0.00511";"  100000";"     511";"   75.18"
"Mannen";"0 jaar";"2001";" 0.00518";"  100000";"     518";"   75.80"
"Mannen";"0 jaar";"2002";" 0.00494";"  100000";"     494";"   75.99"
"Mannen";"0 jaar";"2003";" 0.00493";"  100000";"     493";"   76.24"
"Mannen";"0 jaar";"2004";" 0.00433";"  100000";"     433";"   76.87"
"Mannen";"0 jaar";"2005";" 0.00467";"  100000";"     467";"   77.19"
"Mannen";"0 jaar";"2001 tot 2006";" 0.00482";"  100000";"     482";"   76.42"
"Mannen";"0 jaar";"2006";" 0.00445";"  100000";"     445";"   77.63"
"Mannen";"0 jaar";"2007";" 0.00427";"  100000";"     427";"   78.01"
"Mannen";"0 jaar";"2008";" 0.00349";"  100000";"     349";"   78.32"
"Mannen";"0 jaar";"2009";" 0.00382";"  100000";"     382";"   78.53"
"Mannen";"0 jaar";"2010";" 0.00362";"  100000";"     362";"   78.77"
"Mannen";"0 jaar";"2006 tot 2011";" 0.00393";"  100000";"     393";"   78.26"
"Mannen";"0 jaar";"2011";" 0.00362";"  100000";"     362";"   79.18"
"Mannen";"0 jaar";"2012";" 0.00354";"  100000";"     354";"   79.14"
"Mannen";"0 jaar";"2013";" 0.00359";"  100000";"     359";"   79.41"
"Mannen";"0 jaar";"2014";" 0.00363";"  100000";"     363";"   79.87"
"Mannen";"0 jaar";"2015";" 0.00313";"  100000";"     313";"   79.73"
"Mannen";"0 jaar";"2011 tot 2016";" 0.00351";"  100000";"     351";"   79.47"
"Mannen";"0 jaar";"2016";" 0.00329";"  100000";"     329";"   79.88"
"Mannen";"0 jaar";"2017";" 0.00354";"  100000";"     354";"   80.06"
"Mannen";"0 jaar";"2018";" 0.00346";"  100000";"     346";"   80.16"
"Mannen";"0 jaar";"2019";" 0.00350";"  100000";"     350";"   80.46"
"Mannen";"21 jaar";"1861 tot 1866";" 0.00956";"   58907";"     563";"   39.34"
"Mannen";"21 jaar";"1866 tot 1871";" 0.01060";"   59439";"     630";"   38.87"
"Mannen";"21 jaar";"1871 tot 1876";" 0.01047";"   58716";"     615";"   39.42"
"Mannen";"21 jaar";"1876 tot 1881";" 0.00848";"   63145";"     536";"   41.06"
"Mannen";"21 jaar";"1881 tot 1886";" 0.00766";"   64991";"     498";"   41.78"
"Mannen";"21 jaar";"1886 tot 1891";" 0.00732";"   66437";"     486";"   42.16"
"Mannen";"21 jaar";"1891 tot 1896";" 0.00673";"   68745";"     463";"   42.43"
"Mannen";"21 jaar";"1896 tot 1901";" 0.00603";"   72490";"     437";"   44.01"
"Mannen";"21 jaar";"1901 tot 1906";" 0.00533";"   74071";"     395";"   45.16"
"Mannen";"21 jaar";"1906 tot 1911";" 0.00451";"   78116";"     352";"   46.10"
"Mannen";"21 jaar";"1911 tot 1916";" 0.00383";"   80770";"     310";"   47.30"
"Mannen";"21 jaar";"1916 tot 1921";" 0.00544";"   79901";"     435";"   45.35"
"Mannen";"21 jaar";"1921 tot 1926";" 0.00301";"   86843";"     262";"   48.98"
"Mannen";"21 jaar";"1926 tot 1931";" 0.00270";"   88647";"     239";"   49.51"
"Mannen";"21 jaar";"1931 tot 1936";" 0.00201";"   91297";"     183";"   50.41"
"Mannen";"21 jaar";"1936 tot 1941";" 0.00258";"   92615";"     239";"   50.30"
"Mannen";"21 jaar";"1941 tot 1946";" 0.00715";"   88265";"     631";"   46.43"
"Mannen";"21 jaar";"1950";" 0.00108";"   95234";"     102";"   53.13"
"Mannen";"21 jaar";"1946 tot 1951";" 0.00234";"   93921";"     220";"   52.38"
"Mannen";"21 jaar";"1951";" 0.00095";"   95255";"      91";"   53.07"
"Mannen";"21 jaar";"1952";" 0.00105";"   95720";"     100";"   53.48"
"Mannen";"21 jaar";"1953";" 0.00094";"   95396";"      90";"   53.11"
"Mannen";"21 jaar";"1954";" 0.00083";"   96027";"      80";"   53.25"
"Mannen";"21 jaar";"1955";" 0.00102";"   96069";"      98";"   53.19"
"Mannen";"21 jaar";"1951 tot 1956";" 0.00096";"   95694";"      92";"   53.22"
"Mannen";"21 jaar";"1956";" 0.00094";"   96314";"      90";"   53.05"
"Mannen";"21 jaar";"1957";" 0.00110";"   96425";"     106";"   53.38"
"Mannen";"21 jaar";"1958";" 0.00086";"   96513";"      83";"   53.40"
"Mannen";"21 jaar";"1959";" 0.00082";"   96317";"      79";"   53.30"
"Mannen";"21 jaar";"1960";" 0.00093";"   96598";"      90";"   53.27"
"Mannen";"21 jaar";"1956 tot 1961";" 0.00093";"   96433";"      89";"   53.28"
"Mannen";"21 jaar";"1961";" 0.00116";"   96667";"     112";"   53.27"
"Mannen";"21 jaar";"1962";" 0.00101";"   96689";"      98";"   52.73"
"Mannen";"21 jaar";"1963";" 0.00089";"   96859";"      86";"   52.68"
"Mannen";"21 jaar";"1964";" 0.00103";"   96886";"     100";"   52.91"
"Mannen";"21 jaar";"1965";" 0.00105";"   97054";"     102";"   52.63"
"Mannen";"21 jaar";"1961 tot 1966";" 0.00103";"   96830";"     100";"   52.84"
"Mannen";"21 jaar";"1966";" 0.00089";"   96873";"      86";"   52.66"
"Mannen";"21 jaar";"1967";" 0.00110";"   97060";"     107";"   52.66"
"Mannen";"21 jaar";"1968";" 0.00102";"   97047";"      99";"   52.42"
"Mannen";"21 jaar";"1969";" 0.00116";"   97131";"     113";"   52.36"
"Mannen";"21 jaar";"1970";" 0.00118";"   97151";"     115";"   52.22"
"Mannen";"21 jaar";"1966 tot 1971";" 0.00108";"   97055";"     105";"   52.46"
"Mannen";"21 jaar";"1971";" 0.00119";"   97212";"     115";"   52.36"
"Mannen";"21 jaar";"1972";" 0.00107";"   97271";"     104";"   52.12"
"Mannen";"21 jaar";"1973";" 0.00124";"   97440";"     121";"   52.52"
"Mannen";"21 jaar";"1974";" 0.00108";"   97433";"     106";"   52.84"
"Mannen";"21 jaar";"1975";" 0.00112";"   97665";"     109";"   52.52"
"Mannen";"21 jaar";"1971 tot 1976";" 0.00114";"   97399";"     111";"   52.47"
"Mannen";"21 jaar";"1976";" 0.00107";"   97758";"     105";"   52.55"
"Mannen";"21 jaar";"1977";" 0.00114";"   97793";"     111";"   53.06"
"Mannen";"21 jaar";"1978";" 0.00097";"   97785";"      94";"   52.94"
"Mannen";"21 jaar";"1979";" 0.00084";"   98003";"      83";"   53.31"
"Mannen";"21 jaar";"1980";" 0.00099";"   98105";"      97";"   53.26"
"Mannen";"21 jaar";"1976 tot 1981";" 0.00100";"   97890";"      98";"   53.03"
"Mannen";"21 jaar";"1981";" 0.00093";"   98187";"      92";"   53.45"
"Mannen";"21 jaar";"1982";" 0.00073";"   98184";"      72";"   53.47"
"Mannen";"21 jaar";"1983";" 0.00080";"   98257";"      79";"   53.62"
"Mannen";"21 jaar";"1984";" 0.00082";"   98240";"      80";"   53.67"
"Mannen";"21 jaar";"1985";" 0.00084";"   98383";"      83";"   53.69"
"Mannen";"21 jaar";"1981 tot 1986";" 0.00082";"   98246";"      81";"   53.58"
"Mannen";"21 jaar";"1986";" 0.00074";"   98424";"      72";"   53.67"
"Mannen";"21 jaar";"1987";" 0.00070";"   98428";"      69";"   54.10"
"Mannen";"21 jaar";"1988";" 0.00066";"   98498";"      65";"   54.22"
"Mannen";"21 jaar";"1989";" 0.00076";"   98571";"      75";"   54.15"
"Mannen";"21 jaar";"1990";" 0.00083";"   98501";"      82";"   54.38"
"Mannen";"21 jaar";"1986 tot 1991";" 0.00074";"   98485";"      73";"   54.11"
"Mannen";"21 jaar";"1991";" 0.00084";"   98586";"      83";"   54.53"
"Mannen";"21 jaar";"1992";" 0.00064";"   98673";"      63";"   54.72"
"Mannen";"21 jaar";"1993";" 0.00066";"   98626";"      65";"   54.43"
"Mannen";"21 jaar";"1994";" 0.00069";"   98781";"      68";"   54.93"
"Mannen";"21 jaar";"1995";" 0.00063";"   98740";"      62";"   54.97"
"Mannen";"21 jaar";"1991 tot 1996";" 0.00070";"   98681";"      69";"   54.72"
"Mannen";"21 jaar";"1996";" 0.00067";"   98789";"      67";"   55.00"
"Mannen";"21 jaar";"1997";" 0.00068";"   98896";"      67";"   55.43"
"Mannen";"21 jaar";"1998";" 0.00078";"   98833";"      77";"   55.50"
"Mannen";"21 jaar";"1999";" 0.00053";"   98894";"      53";"   55.61"
"Mannen";"21 jaar";"2000";" 0.00077";"   98889";"      76";"   55.81"
"Mannen";"21 jaar";"1996 tot 2001";" 0.00069";"   98862";"      68";"   55.48"
"Mannen";"21 jaar";"2001";" 0.00054";"   98864";"      54";"   56.10"
"Mannen";"21 jaar";"2002";" 0.00056";"   98897";"      55";"   56.26"
"Mannen";"21 jaar";"2003";" 0.00047";"   98950";"      46";"   56.48"
"Mannen";"21 jaar";"2004";" 0.00052";"   99058";"      52";"   57.04"
"Mannen";"21 jaar";"2005";" 0.00051";"   99060";"      51";"   57.37"
"Mannen";"21 jaar";"2001 tot 2006";" 0.00052";"   98966";"      52";"   56.65"
"Mannen";"21 jaar";"2006";" 0.00061";"   99128";"      60";"   57.76"
"Mannen";"21 jaar";"2007";" 0.00055";"   99154";"      54";"   58.12"
"Mannen";"21 jaar";"2008";" 0.00047";"   99265";"      47";"   58.35"
"Mannen";"21 jaar";"2009";" 0.00047";"   99236";"      47";"   58.59"
"Mannen";"21 jaar";"2010";" 0.00039";"   99258";"      39";"   58.82"
"Mannen";"21 jaar";"2006 tot 2011";" 0.00050";"   99208";"      49";"   58.34"
"Mannen";"21 jaar";"2011";" 0.00045";"   99248";"      45";"   59.24"
"Mannen";"21 jaar";"2012";" 0.00044";"   99257";"      43";"   59.19"
"Mannen";"21 jaar";"2013";" 0.00036";"   99306";"      35";"   59.43"
"Mannen";"21 jaar";"2014";" 0.00027";"   99304";"      27";"   59.89"
"Mannen";"21 jaar";"2015";" 0.00035";"   99374";"      34";"   59.70"
"Mannen";"21 jaar";"2011 tot 2016";" 0.00037";"   99296";"      37";"   59.49"
"Mannen";"21 jaar";"2016";" 0.00034";"   99371";"      34";"   59.85"
"Mannen";"21 jaar";"2017";" 0.00034";"   99279";"      34";"   60.10"
"Mannen";"21 jaar";"2018";" 0.00029";"   99331";"      29";"   60.16"
"Mannen";"21 jaar";"2019";" 0.00036";"   99338";"      35";"   60.46"
"Mannen";"61 jaar";"1861 tot 1866";" 0.03372";"   32299";"    1089";"   12.91"
"Mannen";"61 jaar";"1866 tot 1871";" 0.03500";"   32088";"    1123";"   12.87"
"Mannen";"61 jaar";"1871 tot 1876";" 0.03365";"   32587";"    1097";"   12.95"
"Mannen";"61 jaar";"1876 tot 1881";" 0.03091";"   37496";"    1159";"   13.32"
"Mannen";"61 jaar";"1881 tot 1886";" 0.03098";"   39487";"    1223";"   13.63"
"Mannen";"61 jaar";"1886 tot 1891";" 0.02924";"   41029";"    1200";"   13.64"
"Mannen";"61 jaar";"1891 tot 1896";" 0.02953";"   43084";"    1272";"   13.46"
"Mannen";"61 jaar";"1896 tot 1901";" 0.02661";"   48012";"    1278";"   14.15"
"Mannen";"61 jaar";"1901 tot 1906";" 0.02501";"   50937";"    1274";"   14.50"
"Mannen";"61 jaar";"1906 tot 1911";" 0.02446";"   55566";"    1359";"   14.55"
"Mannen";"61 jaar";"1911 tot 1916";" 0.02339";"   59613";"    1394";"   14.98"
"Mannen";"61 jaar";"1916 tot 1921";" 0.02420";"   55949";"    1354";"   14.55"
"Mannen";"61 jaar";"1921 tot 1926";" 0.02058";"   67586";"    1391";"   15.48"
"Mannen";"61 jaar";"1926 tot 1931";" 0.01947";"   70209";"    1367";"   15.56"
"Mannen";"61 jaar";"1931 tot 1936";" 0.01912";"   73955";"    1414";"   15.89"
"Mannen";"61 jaar";"1936 tot 1941";" 0.01808";"   74882";"    1354";"   15.87"
"Mannen";"61 jaar";"1941 tot 1946";" 0.02107";"   64123";"    1351";"   15.17"
"Mannen";"61 jaar";"1950";" 0.01460";"   81362";"    1188";"   17.31"
"Mannen";"61 jaar";"1946 tot 1951";" 0.01508";"   78852";"    1189";"   17.23"
"Mannen";"61 jaar";"1951";" 0.01471";"   81237";"    1195";"   17.31"
"Mannen";"61 jaar";"1952";" 0.01429";"   82039";"    1172";"   17.56"
"Mannen";"61 jaar";"1953";" 0.01521";"   81370";"    1238";"   17.29"
"Mannen";"61 jaar";"1954";" 0.01588";"   81795";"    1299";"   17.39"
"Mannen";"61 jaar";"1955";" 0.01604";"   82041";"    1316";"   17.23"
"Mannen";"61 jaar";"1951 tot 1956";" 0.01525";"   81690";"    1246";"   17.35"
"Mannen";"61 jaar";"1956";" 0.01596";"   82230";"    1312";"   17.07"
"Mannen";"61 jaar";"1957";" 0.01621";"   82647";"    1340";"   17.38"
"Mannen";"61 jaar";"1958";" 0.01625";"   82761";"    1345";"   17.36"
"Mannen";"61 jaar";"1959";" 0.01600";"   82232";"    1316";"   17.36"
"Mannen";"61 jaar";"1960";" 0.01676";"   82423";"    1382";"   17.33"
"Mannen";"61 jaar";"1956 tot 1961";" 0.01624";"   82455";"    1339";"   17.30"
"Mannen";"61 jaar";"1961";" 0.01671";"   82360";"    1377";"   17.39"
"Mannen";"61 jaar";"1962";" 0.01830";"   81726";"    1496";"   16.94"
"Mannen";"61 jaar";"1963";" 0.01728";"   81947";"    1416";"   16.84"
"Mannen";"61 jaar";"1964";" 0.01773";"   81976";"    1453";"   17.13"
"Mannen";"61 jaar";"1965";" 0.01782";"   81701";"    1456";"   16.91"
"Mannen";"61 jaar";"1961 tot 1966";" 0.01758";"   81939";"    1440";"   17.03"
"Mannen";"61 jaar";"1966";" 0.01814";"   81730";"    1483";"   16.87"
"Mannen";"61 jaar";"1967";" 0.01870";"   81764";"    1529";"   16.95"
"Mannen";"61 jaar";"1968";" 0.01892";"   81739";"    1547";"   16.67"
"Mannen";"61 jaar";"1969";" 0.01924";"   81798";"    1574";"   16.59"
"Mannen";"61 jaar";"1970";" 0.01874";"   81485";"    1527";"   16.49"
"Mannen";"61 jaar";"1966 tot 1971";" 0.01875";"   81703";"    1532";"   16.71"
"Mannen";"61 jaar";"1971";" 0.01824";"   81812";"    1492";"   16.59"
"Mannen";"61 jaar";"1972";" 0.01907";"   81659";"    1558";"   16.38"
"Mannen";"61 jaar";"1973";" 0.01775";"   82435";"    1463";"   16.67"
"Mannen";"61 jaar";"1974";" 0.01769";"   82726";"    1464";"   16.88"
"Mannen";"61 jaar";"1975";" 0.01813";"   82788";"    1501";"   16.53"
"Mannen";"61 jaar";"1971 tot 1976";" 0.01816";"   82287";"    1495";"   16.61"
"Mannen";"61 jaar";"1976";" 0.01920";"   83122";"    1596";"   16.52"
"Mannen";"61 jaar";"1977";" 0.01800";"   83484";"    1503";"   17.02"
"Mannen";"61 jaar";"1978";" 0.01736";"   83693";"    1453";"   16.80"
"Mannen";"61 jaar";"1979";" 0.01769";"   84391";"    1493";"   17.06"
"Mannen";"61 jaar";"1980";" 0.01616";"   84338";"    1363";"   17.07"
"Mannen";"61 jaar";"1976 tot 1981";" 0.01768";"   83819";"    1482";"   16.89"
"Mannen";"61 jaar";"1981";" 0.01597";"   84864";"    1355";"   17.13"
"Mannen";"61 jaar";"1982";" 0.01656";"   84845";"    1405";"   17.13"
"Mannen";"61 jaar";"1983";" 0.01538";"   85273";"    1311";"   17.19"
"Mannen";"61 jaar";"1984";" 0.01566";"   85269";"    1336";"   17.26"
"Mannen";"61 jaar";"1985";" 0.01478";"   85510";"    1264";"   17.21"
"Mannen";"61 jaar";"1981 tot 1986";" 0.01567";"   85151";"    1335";"   17.18"
"Mannen";"61 jaar";"1986";" 0.01546";"   85556";"    1323";"   17.21"
"Mannen";"61 jaar";"1987";" 0.01428";"   85964";"    1227";"   17.55"
"Mannen";"61 jaar";"1988";" 0.01459";"   86532";"    1262";"   17.57"
"Mannen";"61 jaar";"1989";" 0.01443";"   86439";"    1247";"   17.51"
"Mannen";"61 jaar";"1990";" 0.01344";"   86727";"    1165";"   17.69"
"Mannen";"61 jaar";"1986 tot 1991";" 0.01443";"   86251";"    1245";"   17.51"
"Mannen";"61 jaar";"1991";" 0.01381";"   87145";"    1203";"   17.78"
"Mannen";"61 jaar";"1992";" 0.01295";"   87372";"    1132";"   17.97"
"Mannen";"61 jaar";"1993";" 0.01336";"   87160";"    1164";"   17.67"
"Mannen";"61 jaar";"1994";" 0.01323";"   87841";"    1162";"   18.08"
"Mannen";"61 jaar";"1995";" 0.01325";"   88012";"    1166";"   18.06"
"Mannen";"61 jaar";"1991 tot 1996";" 0.01332";"   87509";"    1166";"   17.91"
"Mannen";"61 jaar";"1996";" 0.01278";"   88010";"    1125";"   18.12"
"Mannen";"61 jaar";"1997";" 0.01199";"   88604";"    1063";"   18.44"
"Mannen";"61 jaar";"1998";" 0.01225";"   88724";"    1087";"   18.46"
"Mannen";"61 jaar";"1999";" 0.01163";"   88726";"    1032";"   18.60"
"Mannen";"61 jaar";"2000";" 0.01080";"   88812";"     959";"   18.78"
"Mannen";"61 jaar";"1996 tot 2001";" 0.01187";"   88583";"    1051";"   18.48"
"Mannen";"61 jaar";"2001";" 0.01020";"   89002";"     908";"   19.03"
"Mannen";"61 jaar";"2002";" 0.01012";"   89349";"     904";"   19.10"
"Mannen";"61 jaar";"2003";" 0.01056";"   89454";"     944";"   19.32"
"Mannen";"61 jaar";"2004";" 0.00973";"   89930";"     875";"   19.79"
"Mannen";"61 jaar";"2005";" 0.00911";"   90609";"     825";"   19.95"
"Mannen";"61 jaar";"2001 tot 2006";" 0.00992";"   89684";"     889";"   19.44"
"Mannen";"61 jaar";"2006";" 0.00930";"   90901";"     846";"   20.30"
"Mannen";"61 jaar";"2007";" 0.00853";"   91208";"     778";"   20.58"
"Mannen";"61 jaar";"2008";" 0.00896";"   91249";"     818";"   20.87"
"Mannen";"61 jaar";"2009";" 0.00870";"   91543";"     797";"   21.01"
"Mannen";"61 jaar";"2010";" 0.00804";"   91682";"     737";"   21.20"
"Mannen";"61 jaar";"2006 tot 2011";" 0.00869";"   91312";"     793";"   20.80"
"Mannen";"61 jaar";"2011";" 0.00747";"   91911";"     686";"   21.58"
"Mannen";"61 jaar";"2012";" 0.00781";"   91931";"     718";"   21.53"
"Mannen";"61 jaar";"2013";" 0.00806";"   92111";"     742";"   21.72"
"Mannen";"61 jaar";"2014";" 0.00792";"   92408";"     732";"   22.13"
"Mannen";"61 jaar";"2015";" 0.00771";"   92527";"     713";"   21.92"
"Mannen";"61 jaar";"2011 tot 2016";" 0.00779";"   92178";"     718";"   21.78"
"Mannen";"61 jaar";"2016";" 0.00777";"   92644";"     720";"   22.03"
"Mannen";"61 jaar";"2017";" 0.00762";"   92682";"     707";"   22.27"
"Mannen";"61 jaar";"2018";" 0.00715";"   92804";"     663";"   22.30"
"Mannen";"61 jaar";"2019";" 0.00663";"   92969";"     617";"   22.58"
"Mannen";"81 jaar";"1861 tot 1866";" 0.15943";"    6347";"    1012";"    4.43"
"Mannen";"81 jaar";"1866 tot 1871";" 0.16130";"    6284";"    1014";"    4.38"
"Mannen";"81 jaar";"1871 tot 1876";" 0.14394";"    6477";"     932";"    4.48"
"Mannen";"81 jaar";"1876 tot 1881";" 0.14996";"    7901";"    1185";"    4.53"
"Mannen";"81 jaar";"1881 tot 1886";" 0.15106";"    8909";"    1346";"    4.68"
"Mannen";"81 jaar";"1886 tot 1891";" 0.14890";"    9211";"    1372";"    4.60"
"Mannen";"81 jaar";"1891 tot 1896";" 0.15344";"    9271";"    1423";"    4.53"
"Mannen";"81 jaar";"1896 tot 1901";" 0.14444";"   11845";"    1711";"    4.80"
"Mannen";"81 jaar";"1901 tot 1906";" 0.13806";"   13423";"    1853";"    4.85"
"Mannen";"81 jaar";"1906 tot 1911";" 0.14704";"   14720";"    2164";"    4.79"
"Mannen";"81 jaar";"1911 tot 1916";" 0.13086";"   16886";"    2210";"    4.98"
"Mannen";"81 jaar";"1916 tot 1921";" 0.14248";"   14673";"    2091";"    4.72"
"Mannen";"81 jaar";"1921 tot 1926";" 0.13080";"   20674";"    2704";"    5.03"
"Mannen";"81 jaar";"1926 tot 1931";" 0.13218";"   21652";"    2862";"    5.00"
"Mannen";"81 jaar";"1931 tot 1936";" 0.12716";"   23983";"    3050";"    5.12"
"Mannen";"81 jaar";"1936 tot 1941";" 0.12977";"   24233";"    3145";"    5.03"
"Mannen";"81 jaar";"1941 tot 1946";" 0.14570";"   18477";"    2692";"    4.56"
"Mannen";"81 jaar";"1950";" 0.10912";"   32443";"    3540";"    5.57"
"Mannen";"81 jaar";"1946 tot 1951";" 0.11073";"   30876";"    3419";"    5.62"
"Mannen";"81 jaar";"1951";" 0.11056";"   32042";"    3543";"    5.53"
"Mannen";"81 jaar";"1952";" 0.11047";"   33642";"    3716";"    5.75"
"Mannen";"81 jaar";"1953";" 0.10517";"   32048";"    3371";"    5.60"
"Mannen";"81 jaar";"1954";" 0.10290";"   32889";"    3384";"    5.68"
"Mannen";"81 jaar";"1955";" 0.10798";"   32471";"    3506";"    5.55"
"Mannen";"81 jaar";"1951 tot 1956";" 0.10726";"   32614";"    3498";"    5.62"
"Mannen";"81 jaar";"1956";" 0.11325";"   32032";"    3628";"    5.43"
"Mannen";"81 jaar";"1957";" 0.10382";"   33298";"    3457";"    5.74"
"Mannen";"81 jaar";"1958";" 0.11028";"   33412";"    3685";"    5.66"
"Mannen";"81 jaar";"1959";" 0.10065";"   32983";"    3320";"    5.82"
"Mannen";"81 jaar";"1960";" 0.10667";"   33452";"    3568";"    5.73"
"Mannen";"81 jaar";"1956 tot 1961";" 0.10684";"   33042";"    3530";"    5.68"
"Mannen";"81 jaar";"1961";" 0.10053";"   33523";"    3370";"    5.95"
"Mannen";"81 jaar";"1962";" 0.11297";"   31657";"    3576";"    5.62"
"Mannen";"81 jaar";"1963";" 0.11060";"   31245";"    3456";"    5.62"
"Mannen";"81 jaar";"1964";" 0.09940";"   32057";"    3186";"    6.19"
"Mannen";"81 jaar";"1965";" 0.10512";"   31321";"    3293";"    5.89"
"Mannen";"81 jaar";"1961 tot 1966";" 0.10576";"   31937";"    3378";"    5.85"
"Mannen";"81 jaar";"1966";" 0.10202";"   31153";"    3178";"    5.93"
"Mannen";"81 jaar";"1967";" 0.09952";"   31350";"    3120";"    6.18"
"Mannen";"81 jaar";"1968";" 0.10311";"   30352";"    3130";"    5.83"
"Mannen";"81 jaar";"1969";" 0.10116";"   29910";"    3026";"    5.97"
"Mannen";"81 jaar";"1970";" 0.10685";"   29500";"    3152";"    5.95"
"Mannen";"81 jaar";"1966 tot 1971";" 0.10256";"   30434";"    3121";"    5.97"
"Mannen";"81 jaar";"1971";" 0.10230";"   29642";"    3032";"    5.99"
"Mannen";"81 jaar";"1972";" 0.10756";"   28777";"    3095";"    5.88"
"Mannen";"81 jaar";"1973";" 0.10247";"   30197";"    3094";"    6.00"
"Mannen";"81 jaar";"1974";" 0.10051";"   30996";"    3115";"    6.18"
"Mannen";"81 jaar";"1975";" 0.10847";"   29725";"    3224";"    5.93"
"Mannen";"81 jaar";"1971 tot 1976";" 0.10427";"   29860";"    3114";"    5.99"
"Mannen";"81 jaar";"1976";" 0.10773";"   29846";"    3215";"    5.98"
"Mannen";"81 jaar";"1977";" 0.09816";"   31468";"    3089";"    6.43"
"Mannen";"81 jaar";"1978";" 0.10476";"   30782";"    3225";"    6.18"
"Mannen";"81 jaar";"1979";" 0.10377";"   31847";"    3305";"    6.41"
"Mannen";"81 jaar";"1980";" 0.09885";"   31762";"    3140";"    6.38"
"Mannen";"81 jaar";"1976 tot 1981";" 0.10259";"   31143";"    3195";"    6.27"
"Mannen";"81 jaar";"1981";" 0.10184";"   32244";"    3284";"    6.32"
"Mannen";"81 jaar";"1982";" 0.09876";"   32348";"    3195";"    6.29"
"Mannen";"81 jaar";"1983";" 0.10259";"   32609";"    3345";"    6.24"
"Mannen";"81 jaar";"1984";" 0.10352";"   32937";"    3410";"    6.25"
"Mannen";"81 jaar";"1985";" 0.10288";"   33002";"    3395";"    6.15"
"Mannen";"81 jaar";"1981 tot 1986";" 0.10195";"   32630";"    3327";"    6.25"
"Mannen";"81 jaar";"1986";" 0.10306";"   32936";"    3394";"    6.16"
"Mannen";"81 jaar";"1987";" 0.09589";"   34466";"    3305";"    6.32"
"Mannen";"81 jaar";"1988";" 0.10351";"   34848";"    3607";"    6.28"
"Mannen";"81 jaar";"1989";" 0.10162";"   34552";"    3511";"    6.12"
"Mannen";"81 jaar";"1990";" 0.10214";"   35424";"    3618";"    6.19"
"Mannen";"81 jaar";"1986 tot 1991";" 0.10128";"   34458";"    3490";"    6.21"
"Mannen";"81 jaar";"1991";" 0.09849";"   36075";"    3553";"    6.20"
"Mannen";"81 jaar";"1992";" 0.09712";"   36876";"    3582";"    6.29"
"Mannen";"81 jaar";"1993";" 0.10449";"   35802";"    3741";"    5.98"
"Mannen";"81 jaar";"1994";" 0.09617";"   37833";"    3638";"    6.24"
"Mannen";"81 jaar";"1995";" 0.09688";"   37763";"    3659";"    6.18"
"Mannen";"81 jaar";"1991 tot 1996";" 0.09864";"   36877";"    3638";"    6.17"
"Mannen";"81 jaar";"1996";" 0.09435";"   37765";"    3563";"    6.19"
"Mannen";"81 jaar";"1997";" 0.09860";"   39577";"    3902";"    6.31"
"Mannen";"81 jaar";"1998";" 0.09397";"   39956";"    3755";"    6.29"
"Mannen";"81 jaar";"1999";" 0.09360";"   40614";"    3801";"    6.26"
"Mannen";"81 jaar";"2000";" 0.09411";"   41409";"    3897";"    6.31"
"Mannen";"81 jaar";"1996 tot 2001";" 0.09492";"   39890";"    3786";"    6.27"
"Mannen";"81 jaar";"2001";" 0.09082";"   42559";"    3865";"    6.42"
"Mannen";"81 jaar";"2002";" 0.09183";"   42942";"    3944";"    6.41"
"Mannen";"81 jaar";"2003";" 0.09008";"   44289";"    3989";"    6.40"
"Mannen";"81 jaar";"2004";" 0.08557";"   46389";"    3969";"    6.73"
"Mannen";"81 jaar";"2005";" 0.08538";"   47568";"    4061";"    6.72"
"Mannen";"81 jaar";"2001 tot 2006";" 0.08869";"   44752";"    3969";"    6.54"
"Mannen";"81 jaar";"2006";" 0.07779";"   49087";"    3819";"    6.91"
"Mannen";"81 jaar";"2007";" 0.07412";"   50596";"    3750";"    7.03"
"Mannen";"81 jaar";"2008";" 0.07073";"   51872";"    3669";"    7.14"
"Mannen";"81 jaar";"2009";" 0.07295";"   52522";"    3832";"    7.28"
"Mannen";"81 jaar";"2010";" 0.06801";"   53340";"    3628";"    7.39"
"Mannen";"81 jaar";"2006 tot 2011";" 0.07261";"   51516";"    3740";"    7.16"
"Mannen";"81 jaar";"2011";" 0.06966";"   55180";"    3844";"    7.51"
"Mannen";"81 jaar";"2012";" 0.06490";"   55305";"    3589";"    7.43"
"Mannen";"81 jaar";"2013";" 0.06491";"   56317";"    3656";"    7.54"
"Mannen";"81 jaar";"2014";" 0.06087";"   57986";"    3529";"    7.78"
"Mannen";"81 jaar";"2015";" 0.06355";"   57500";"    3654";"    7.61"
"Mannen";"81 jaar";"2011 tot 2016";" 0.06473";"   56493";"    3657";"    7.58"
"Mannen";"81 jaar";"2016";" 0.06118";"   58124";"    3556";"    7.67"
"Mannen";"81 jaar";"2017";" 0.06072";"   59122";"    3590";"    7.75"
"Mannen";"81 jaar";"2018";" 0.05526";"   59330";"    3278";"    7.80"
"Mannen";"81 jaar";"2019";" 0.05554";"   60361";"    3352";"    7.93"
"Vrouwen";"0 jaar";"1861 tot 1866";" 0.13454";"  100000";"   13454";"   38.24"
"Vrouwen";"0 jaar";"1866 tot 1871";" 0.13831";"  100000";"   13831";"   38.50"
"Vrouwen";"0 jaar";"1871 tot 1876";" 0.14579";"  100000";"   14579";"   38.70"
"Vrouwen";"0 jaar";"1876 tot 1881";" 0.13470";"  100000";"   13470";"   42.45"
"Vrouwen";"0 jaar";"1881 tot 1886";" 0.12327";"  100000";"   12327";"   43.98"
"Vrouwen";"0 jaar";"1886 tot 1891";" 0.11892";"  100000";"   11892";"   45.37"
"Vrouwen";"0 jaar";"1891 tot 1896";" 0.11202";"  100000";"   11202";"   46.91"
"Vrouwen";"0 jaar";"1896 tot 1901";" 0.10537";"  100000";"   10537";"   50.43"
"Vrouwen";"0 jaar";"1901 tot 1906";" 0.09320";"  100000";"    9320";"   52.21"
"Vrouwen";"0 jaar";"1906 tot 1911";" 0.07925";"  100000";"    7925";"   54.96"
"Vrouwen";"0 jaar";"1911 tot 1916";" 0.07026";"  100000";"    7026";"   57.43"
"Vrouwen";"0 jaar";"1916 tot 1921";" 0.05859";"  100000";"    5859";"   55.28"
"Vrouwen";"0 jaar";"1921 tot 1926";" 0.04290";"  100000";"    4290";"   62.25"
"Vrouwen";"0 jaar";"1926 tot 1931";" 0.03379";"  100000";"    3379";"   63.94"
"Vrouwen";"0 jaar";"1931 tot 1936";" 0.02834";"  100000";"    2834";"   66.45"
"Vrouwen";"0 jaar";"1936 tot 1941";" 0.02462";"  100000";"    2462";"   67.86"
"Vrouwen";"0 jaar";"1941 tot 1946";" 0.03288";"  100000";"    3288";"   65.11"
"Vrouwen";"0 jaar";"1950";" 0.01912";"  100000";"    1912";"   72.58"
"Vrouwen";"0 jaar";"1946 tot 1951";" 0.02150";"  100000";"    2150";"   71.26"
"Vrouwen";"0 jaar";"1951";" 0.01950";"  100000";"    1950";"   72.75"
"Vrouwen";"0 jaar";"1952";" 0.01827";"  100000";"    1827";"   73.29"
"Vrouwen";"0 jaar";"1953";" 0.01696";"  100000";"    1696";"   72.98"
"Vrouwen";"0 jaar";"1954";" 0.01704";"  100000";"    1704";"   73.83"
"Vrouwen";"0 jaar";"1955";" 0.01616";"  100000";"    1616";"   74.08"
"Vrouwen";"0 jaar";"1951 tot 1956";" 0.01758";"  100000";"    1758";"   73.39"
"Vrouwen";"0 jaar";"1956";" 0.01498";"  100000";"    1498";"   74.10"
"Vrouwen";"0 jaar";"1957";" 0.01393";"  100000";"    1393";"   74.58"
"Vrouwen";"0 jaar";"1958";" 0.01418";"  100000";"    1418";"   74.84"
"Vrouwen";"0 jaar";"1959";" 0.01353";"  100000";"    1353";"   75.16"
"Vrouwen";"0 jaar";"1960";" 0.01345";"  100000";"    1345";"   75.30"
"Vrouwen";"0 jaar";"1956 tot 1961";" 0.01400";"  100000";"    1400";"   74.81"
"Vrouwen";"0 jaar";"1961";" 0.01285";"  100000";"    1285";"   75.74"
"Vrouwen";"0 jaar";"1962";" 0.01307";"  100000";"    1307";"   75.56"
"Vrouwen";"0 jaar";"1963";" 0.01187";"  100000";"    1187";"   75.77"
"Vrouwen";"0 jaar";"1964";" 0.01142";"  100000";"    1142";"   76.27"
"Vrouwen";"0 jaar";"1965";" 0.01150";"  100000";"    1150";"   76.14"
"Vrouwen";"0 jaar";"1961 tot 1966";" 0.01214";"  100000";"    1214";"   75.89"
"Vrouwen";"0 jaar";"1966";" 0.01111";"  100000";"    1111";"   76.11"
"Vrouwen";"0 jaar";"1967";" 0.01052";"  100000";"    1052";"   76.57"
"Vrouwen";"0 jaar";"1968";" 0.01012";"  100000";"    1012";"   76.44"
"Vrouwen";"0 jaar";"1969";" 0.00987";"  100000";"     987";"   76.29"
"Vrouwen";"0 jaar";"1970";" 0.00968";"  100000";"     968";"   76.50"
"Vrouwen";"0 jaar";"1966 tot 1971";" 0.01026";"  100000";"    1026";"   76.38"
"Vrouwen";"0 jaar";"1971";" 0.00900";"  100000";"     900";"   76.77"
"Vrouwen";"0 jaar";"1972";" 0.00874";"  100000";"     874";"   76.79"
"Vrouwen";"0 jaar";"1973";" 0.00911";"  100000";"     911";"   77.13"
"Vrouwen";"0 jaar";"1974";" 0.00864";"  100000";"     864";"   77.61"
"Vrouwen";"0 jaar";"1975";" 0.00797";"  100000";"     797";"   77.71"
"Vrouwen";"0 jaar";"1971 tot 1976";" 0.00872";"  100000";"     872";"   77.21"
"Vrouwen";"0 jaar";"1976";" 0.00856";"  100000";"     856";"   77.92"
"Vrouwen";"0 jaar";"1977";" 0.00688";"  100000";"     688";"   78.52"
"Vrouwen";"0 jaar";"1978";" 0.00693";"  100000";"     693";"   78.50"
"Vrouwen";"0 jaar";"1979";" 0.00642";"  100000";"     642";"   78.93"
"Vrouwen";"0 jaar";"1980";" 0.00635";"  100000";"     635";"   79.18"
"Vrouwen";"0 jaar";"1976 tot 1981";" 0.00703";"  100000";"     703";"   78.62"
"Vrouwen";"0 jaar";"1981";" 0.00614";"  100000";"     614";"   79.32"
"Vrouwen";"0 jaar";"1982";" 0.00603";"  100000";"     603";"   79.41"
"Vrouwen";"0 jaar";"1983";" 0.00639";"  100000";"     639";"   79.56"
"Vrouwen";"0 jaar";"1984";" 0.00581";"  100000";"     581";"   79.68"
"Vrouwen";"0 jaar";"1985";" 0.00595";"  100000";"     595";"   79.66"
"Vrouwen";"0 jaar";"1981 tot 1986";" 0.00606";"  100000";"     606";"   79.53"
"Vrouwen";"0 jaar";"1986";" 0.00581";"  100000";"     581";"   79.61"
"Vrouwen";"0 jaar";"1987";" 0.00547";"  100000";"     547";"   80.06"
"Vrouwen";"0 jaar";"1988";" 0.00478";"  100000";"     478";"   80.24"
"Vrouwen";"0 jaar";"1989";" 0.00515";"  100000";"     515";"   79.92"
"Vrouwen";"0 jaar";"1990";" 0.00524";"  100000";"     524";"   80.11"
"Vrouwen";"0 jaar";"1986 tot 1991";" 0.00529";"  100000";"     529";"   79.99"
"Vrouwen";"0 jaar";"1991";" 0.00455";"  100000";"     455";"   80.15"
"Vrouwen";"0 jaar";"1992";" 0.00499";"  100000";"     499";"   80.28"
"Vrouwen";"0 jaar";"1993";" 0.00473";"  100000";"     473";"   80.00"
"Vrouwen";"0 jaar";"1994";" 0.00433";"  100000";"     433";"   80.31"
"Vrouwen";"0 jaar";"1995";" 0.00393";"  100000";"     393";"   80.36"
"Vrouwen";"0 jaar";"1991 tot 1996";" 0.00451";"  100000";"     451";"   80.22"
"Vrouwen";"0 jaar";"1996";" 0.00452";"  100000";"     452";"   80.35"
"Vrouwen";"0 jaar";"1997";" 0.00405";"  100000";"     405";"   80.55"
"Vrouwen";"0 jaar";"1998";" 0.00394";"  100000";"     394";"   80.69"
"Vrouwen";"0 jaar";"1999";" 0.00449";"  100000";"     449";"   80.45"
"Vrouwen";"0 jaar";"2000";" 0.00418";"  100000";"     418";"   80.58"
"Vrouwen";"0 jaar";"1996 tot 2001";" 0.00423";"  100000";"     423";"   80.52"
"Vrouwen";"0 jaar";"2001";" 0.00419";"  100000";"     419";"   80.71"
"Vrouwen";"0 jaar";"2002";" 0.00408";"  100000";"     408";"   80.69"
"Vrouwen";"0 jaar";"2003";" 0.00368";"  100000";"     368";"   80.93"
"Vrouwen";"0 jaar";"2004";" 0.00342";"  100000";"     342";"   81.44"
"Vrouwen";"0 jaar";"2005";" 0.00419";"  100000";"     419";"   81.60"
"Vrouwen";"0 jaar";"2001 tot 2006";" 0.00391";"  100000";"     391";"   81.08"
"Vrouwen";"0 jaar";"2006";" 0.00350";"  100000";"     350";"   81.89"
"Vrouwen";"0 jaar";"2007";" 0.00310";"  100000";"     310";"   82.31"
"Vrouwen";"0 jaar";"2008";" 0.00327";"  100000";"     327";"   82.28"
"Vrouwen";"0 jaar";"2009";" 0.00330";"  100000";"     330";"   82.65"
"Vrouwen";"0 jaar";"2010";" 0.00303";"  100000";"     303";"   82.72"
"Vrouwen";"0 jaar";"2006 tot 2011";" 0.00324";"  100000";"     324";"   82.37"
"Vrouwen";"0 jaar";"2011";" 0.00289";"  100000";"     289";"   82.85"
"Vrouwen";"0 jaar";"2012";" 0.00302";"  100000";"     302";"   82.82"
"Vrouwen";"0 jaar";"2013";" 0.00300";"  100000";"     300";"   83.04"
"Vrouwen";"0 jaar";"2014";" 0.00286";"  100000";"     286";"   83.29"
"Vrouwen";"0 jaar";"2015";" 0.00266";"  100000";"     266";"   83.13"
"Vrouwen";"0 jaar";"2011 tot 2016";" 0.00288";"  100000";"     288";"   83.03"
"Vrouwen";"0 jaar";"2016";" 0.00291";"  100000";"     291";"   83.13"
"Vrouwen";"0 jaar";"2017";" 0.00280";"  100000";"     280";"   83.32"
"Vrouwen";"0 jaar";"2018";" 0.00272";"  100000";"     272";"   83.33"
"Vrouwen";"0 jaar";"2019";" 0.00287";"  100000";"     287";"   83.56"
"Vrouwen";"21 jaar";"1861 tot 1866";" 0.00709";"   61099";"     433";"   40.00"
"Vrouwen";"21 jaar";"1866 tot 1871";" 0.00697";"   61910";"     432";"   39.71"
"Vrouwen";"21 jaar";"1871 tot 1876";" 0.00755";"   61703";"     466";"   40.29"
"Vrouwen";"21 jaar";"1876 tot 1881";" 0.00592";"   66337";"     393";"   41.99"
"Vrouwen";"21 jaar";"1881 tot 1886";" 0.00553";"   67934";"     376";"   42.82"
"Vrouwen";"21 jaar";"1886 tot 1891";" 0.00524";"   69395";"     364";"   43.59"
"Vrouwen";"21 jaar";"1891 tot 1896";" 0.00499";"   71684";"     358";"   43.76"
"Vrouwen";"21 jaar";"1896 tot 1901";" 0.00442";"   75293";"     333";"   45.53"
"Vrouwen";"21 jaar";"1901 tot 1906";" 0.00424";"   76870";"     326";"   46.51"
"Vrouwen";"21 jaar";"1906 tot 1911";" 0.00368";"   80499";"     296";"   47.02"
"Vrouwen";"21 jaar";"1911 tot 1916";" 0.00312";"   82990";"     259";"   48.05"
"Vrouwen";"21 jaar";"1916 tot 1921";" 0.00462";"   81832";"     378";"   46.11"
"Vrouwen";"21 jaar";"1921 tot 1926";" 0.00276";"   88834";"     245";"   49.10"
"Vrouwen";"21 jaar";"1926 tot 1931";" 0.00243";"   90629";"     220";"   49.64"
"Vrouwen";"21 jaar";"1931 tot 1936";" 0.00184";"   92960";"     171";"   50.67"
"Vrouwen";"21 jaar";"1936 tot 1941";" 0.00147";"   94136";"     139";"   51.33"
"Vrouwen";"21 jaar";"1941 tot 1946";" 0.00248";"   91205";"     227";"   50.44"
"Vrouwen";"21 jaar";"1950";" 0.00072";"   96442";"      69";"   54.65"
"Vrouwen";"21 jaar";"1946 tot 1951";" 0.00097";"   95465";"      93";"   53.99"
"Vrouwen";"21 jaar";"1951";" 0.00067";"   96388";"      65";"   54.86"
"Vrouwen";"21 jaar";"1952";" 0.00061";"   96699";"      59";"   55.19"
"Vrouwen";"21 jaar";"1953";" 0.00071";"   96599";"      68";"   54.92"
"Vrouwen";"21 jaar";"1954";" 0.00033";"   96984";"      32";"   55.53"
"Vrouwen";"21 jaar";"1955";" 0.00047";"   97123";"      45";"   55.69"
"Vrouwen";"21 jaar";"1951 tot 1956";" 0.00056";"   96759";"      54";"   55.24"
"Vrouwen";"21 jaar";"1956";" 0.00036";"   97277";"      35";"   55.58"
"Vrouwen";"21 jaar";"1957";" 0.00046";"   97348";"      45";"   56.02"
"Vrouwen";"21 jaar";"1958";" 0.00049";"   97410";"      48";"   56.24"
"Vrouwen";"21 jaar";"1959";" 0.00038";"   97454";"      37";"   56.54"
"Vrouwen";"21 jaar";"1960";" 0.00038";"   97572";"      37";"   56.59"
"Vrouwen";"21 jaar";"1956 tot 1961";" 0.00041";"   97416";"      40";"   56.20"
"Vrouwen";"21 jaar";"1961";" 0.00034";"   97744";"      34";"   56.91"
"Vrouwen";"21 jaar";"1962";" 0.00028";"   97665";"      27";"   56.78"
"Vrouwen";"21 jaar";"1963";" 0.00037";"   97823";"      37";"   56.88"
"Vrouwen";"21 jaar";"1964";" 0.00032";"   97886";"      32";"   57.34"
"Vrouwen";"21 jaar";"1965";" 0.00046";"   97924";"      45";"   57.18"
"Vrouwen";"21 jaar";"1961 tot 1966";" 0.00036";"   97808";"      35";"   57.02"
"Vrouwen";"21 jaar";"1966";" 0.00047";"   97926";"      46";"   57.15"
"Vrouwen";"21 jaar";"1967";" 0.00033";"   98005";"      32";"   57.55"
"Vrouwen";"21 jaar";"1968";" 0.00035";"   98011";"      34";"   57.40"
"Vrouwen";"21 jaar";"1969";" 0.00041";"   98012";"      40";"   57.25"
"Vrouwen";"21 jaar";"1970";" 0.00052";"   98092";"      51";"   57.40"
"Vrouwen";"21 jaar";"1966 tot 1971";" 0.00041";"   98011";"      40";"   57.35"
"Vrouwen";"21 jaar";"1971";" 0.00036";"   98206";"      35";"   57.60"
"Vrouwen";"21 jaar";"1972";" 0.00050";"   98226";"      49";"   57.59"
"Vrouwen";"21 jaar";"1973";" 0.00042";"   98201";"      42";"   57.95"
"Vrouwen";"21 jaar";"1974";" 0.00028";"   98316";"      28";"   58.37"
"Vrouwen";"21 jaar";"1975";" 0.00036";"   98422";"      35";"   58.38"
"Vrouwen";"21 jaar";"1971 tot 1976";" 0.00038";"   98272";"      38";"   57.99"
"Vrouwen";"21 jaar";"1976";" 0.00035";"   98364";"      35";"   58.64"
"Vrouwen";"21 jaar";"1977";" 0.00044";"   98595";"      43";"   59.08"
"Vrouwen";"21 jaar";"1978";" 0.00047";"   98524";"      46";"   59.10"
"Vrouwen";"21 jaar";"1979";" 0.00037";"   98678";"      37";"   59.43"
"Vrouwen";"21 jaar";"1980";" 0.00041";"   98681";"      41";"   59.68"
"Vrouwen";"21 jaar";"1976 tot 1981";" 0.00041";"   98566";"      40";"   59.19"
"Vrouwen";"21 jaar";"1981";" 0.00033";"   98735";"      33";"   59.78"
"Vrouwen";"21 jaar";"1982";" 0.00030";"   98719";"      29";"   59.88"
"Vrouwen";"21 jaar";"1983";" 0.00034";"   98726";"      33";"   60.03"
"Vrouwen";"21 jaar";"1984";" 0.00026";"   98837";"      25";"   60.06"
"Vrouwen";"21 jaar";"1985";" 0.00026";"   98863";"      26";"   60.03"
"Vrouwen";"21 jaar";"1981 tot 1986";" 0.00030";"   98775";"      29";"   59.96"
"Vrouwen";"21 jaar";"1986";" 0.00032";"   98839";"      32";"   60.00"
"Vrouwen";"21 jaar";"1987";" 0.00032";"   98889";"      32";"   60.41"
"Vrouwen";"21 jaar";"1988";" 0.00026";"   99037";"      25";"   60.48"
"Vrouwen";"21 jaar";"1989";" 0.00028";"   98943";"      28";"   60.23"
"Vrouwen";"21 jaar";"1990";" 0.00030";"   98926";"      30";"   60.43"
"Vrouwen";"21 jaar";"1986 tot 1991";" 0.00030";"   98926";"      29";"   60.31"
"Vrouwen";"21 jaar";"1991";" 0.00031";"   99012";"      31";"   60.39"
"Vrouwen";"21 jaar";"1992";" 0.00019";"   99019";"      19";"   60.53"
"Vrouwen";"21 jaar";"1993";" 0.00026";"   99071";"      26";"   60.20"
"Vrouwen";"21 jaar";"1994";" 0.00023";"   99121";"      23";"   60.48"
"Vrouwen";"21 jaar";"1995";" 0.00028";"   99153";"      28";"   60.50"
"Vrouwen";"21 jaar";"1991 tot 1996";" 0.00026";"   99076";"      26";"   60.42"
"Vrouwen";"21 jaar";"1996";" 0.00035";"   99119";"      35";"   60.52"
"Vrouwen";"21 jaar";"1997";" 0.00032";"   99200";"      32";"   60.66"
"Vrouwen";"21 jaar";"1998";" 0.00024";"   99257";"      24";"   60.76"
"Vrouwen";"21 jaar";"1999";" 0.00028";"   99164";"      28";"   60.59"
"Vrouwen";"21 jaar";"2000";" 0.00030";"   99175";"      30";"   60.71"
"Vrouwen";"21 jaar";"1996 tot 2001";" 0.00030";"   99183";"      30";"   60.65"
"Vrouwen";"21 jaar";"2001";" 0.00020";"   99205";"      20";"   60.82"
"Vrouwen";"21 jaar";"2002";" 0.00016";"   99220";"      16";"   60.78"
"Vrouwen";"21 jaar";"2003";" 0.00019";"   99264";"      19";"   60.99"
"Vrouwen";"21 jaar";"2004";" 0.00023";"   99352";"      23";"   61.44"
"Vrouwen";"21 jaar";"2005";" 0.00027";"   99262";"      26";"   61.68"
"Vrouwen";"21 jaar";"2001 tot 2006";" 0.00021";"   99261";"      21";"   61.14"
"Vrouwen";"21 jaar";"2006";" 0.00024";"   99354";"      24";"   61.90"
"Vrouwen";"21 jaar";"2007";" 0.00024";"   99389";"      23";"   62.28"
"Vrouwen";"21 jaar";"2008";" 0.00015";"   99394";"      15";"   62.26"
"Vrouwen";"21 jaar";"2009";" 0.00015";"   99401";"      15";"   62.62"
"Vrouwen";"21 jaar";"2010";" 0.00009";"   99439";"       9";"   62.67"
"Vrouwen";"21 jaar";"2006 tot 2011";" 0.00017";"   99395";"      17";"   62.35"
"Vrouwen";"21 jaar";"2011";" 0.00016";"   99490";"      16";"   62.75"
"Vrouwen";"21 jaar";"2012";" 0.00023";"   99452";"      23";"   62.76"
"Vrouwen";"21 jaar";"2013";" 0.00020";"   99448";"      20";"   62.97"
"Vrouwen";"21 jaar";"2014";" 0.00016";"   99446";"      15";"   63.22"
"Vrouwen";"21 jaar";"2015";" 0.00017";"   99511";"      17";"   63.01"
"Vrouwen";"21 jaar";"2011 tot 2016";" 0.00019";"   99469";"      18";"   62.94"
"Vrouwen";"21 jaar";"2016";" 0.00014";"   99470";"      14";"   63.04"
"Vrouwen";"21 jaar";"2017";" 0.00015";"   99488";"      15";"   63.23"
"Vrouwen";"21 jaar";"2018";" 0.00020";"   99503";"      20";"   63.23"
"Vrouwen";"21 jaar";"2019";" 0.00013";"   99471";"      13";"   63.48"
"Vrouwen";"61 jaar";"1861 tot 1866";" 0.02877";"   35012";"    1007";"   13.56"
"Vrouwen";"61 jaar";"1866 tot 1871";" 0.03012";"   35127";"    1058";"   13.41"
"Vrouwen";"61 jaar";"1871 tot 1876";" 0.02695";"   36026";"     971";"   13.70"
"Vrouwen";"61 jaar";"1876 tot 1881";" 0.02528";"   41377";"    1046";"   14.06"
"Vrouwen";"61 jaar";"1881 tot 1886";" 0.02428";"   43401";"    1054";"   14.44"
"Vrouwen";"61 jaar";"1886 tot 1891";" 0.02392";"   45512";"    1089";"   14.55"
"Vrouwen";"61 jaar";"1891 tot 1896";" 0.02497";"   47521";"    1186";"   14.28"
"Vrouwen";"61 jaar";"1896 tot 1901";" 0.02165";"   52474";"    1136";"   15.07"
"Vrouwen";"61 jaar";"1901 tot 1906";" 0.02216";"   55321";"    1226";"   15.32"
"Vrouwen";"61 jaar";"1906 tot 1911";" 0.02169";"   58948";"    1278";"   15.30"
"Vrouwen";"61 jaar";"1911 tot 1916";" 0.01965";"   62313";"    1225";"   15.77"
"Vrouwen";"61 jaar";"1916 tot 1921";" 0.02056";"   58410";"    1201";"   15.32"
"Vrouwen";"61 jaar";"1921 tot 1926";" 0.01852";"   68742";"    1273";"   16.02"
"Vrouwen";"61 jaar";"1926 tot 1931";" 0.01786";"   71312";"    1274";"   16.04"
"Vrouwen";"61 jaar";"1931 tot 1936";" 0.01745";"   75110";"    1311";"   16.35"
"Vrouwen";"61 jaar";"1936 tot 1941";" 0.01740";"   77576";"    1350";"   16.43"
"Vrouwen";"61 jaar";"1941 tot 1946";" 0.01709";"   73787";"    1261";"   16.21"
"Vrouwen";"61 jaar";"1950";" 0.01111";"   85325";"     948";"   18.03"
"Vrouwen";"61 jaar";"1946 tot 1951";" 0.01261";"   83014";"    1047";"   17.89"
"Vrouwen";"61 jaar";"1951";" 0.01150";"   85484";"     983";"   18.18"
"Vrouwen";"61 jaar";"1952";" 0.01134";"   86081";"     976";"   18.43"
"Vrouwen";"61 jaar";"1953";" 0.01155";"   85448";"     987";"   18.31"
"Vrouwen";"61 jaar";"1954";" 0.01016";"   86855";"     883";"   18.59"
"Vrouwen";"61 jaar";"1955";" 0.01103";"   87328";"     963";"   18.66"
"Vrouwen";"61 jaar";"1951 tot 1956";" 0.01110";"   86241";"     957";"   18.44"
"Vrouwen";"61 jaar";"1956";" 0.01051";"   87798";"     923";"   18.42"
"Vrouwen";"61 jaar";"1957";" 0.01041";"   87935";"     915";"   18.90"
"Vrouwen";"61 jaar";"1958";" 0.00998";"   88255";"     881";"   19.04"
"Vrouwen";"61 jaar";"1959";" 0.00920";"   88533";"     814";"   19.28"
"Vrouwen";"61 jaar";"1960";" 0.00981";"   88612";"     869";"   19.32"
"Vrouwen";"61 jaar";"1956 tot 1961";" 0.00997";"   88234";"     880";"   19.00"
"Vrouwen";"61 jaar";"1961";" 0.00928";"   89130";"     827";"   19.56"
"Vrouwen";"61 jaar";"1962";" 0.00866";"   89121";"     771";"   19.42"
"Vrouwen";"61 jaar";"1963";" 0.00887";"   89359";"     793";"   19.47"
"Vrouwen";"61 jaar";"1964";" 0.00842";"   89377";"     753";"   19.98"
"Vrouwen";"61 jaar";"1965";" 0.00824";"   89477";"     737";"   19.80"
"Vrouwen";"61 jaar";"1961 tot 1966";" 0.00868";"   89293";"     775";"   19.65"
"Vrouwen";"61 jaar";"1966";" 0.00810";"   89219";"     723";"   19.85"
"Vrouwen";"61 jaar";"1967";" 0.00899";"   89582";"     806";"   20.20"
"Vrouwen";"61 jaar";"1968";" 0.00836";"   89525";"     748";"   20.06"
"Vrouwen";"61 jaar";"1969";" 0.00868";"   89239";"     775";"   19.99"
"Vrouwen";"61 jaar";"1970";" 0.00831";"   89428";"     744";"   20.12"
"Vrouwen";"61 jaar";"1966 tot 1971";" 0.00849";"   89400";"     759";"   20.05"
"Vrouwen";"61 jaar";"1971";" 0.00860";"   89794";"     773";"   20.23"
"Vrouwen";"61 jaar";"1972";" 0.00848";"   89791";"     761";"   20.24"
"Vrouwen";"61 jaar";"1973";" 0.00798";"   89662";"     716";"   20.69"
"Vrouwen";"61 jaar";"1974";" 0.00783";"   90300";"     707";"   20.93"
"Vrouwen";"61 jaar";"1975";" 0.00790";"   90499";"     715";"   20.91"
"Vrouwen";"61 jaar";"1971 tot 1976";" 0.00815";"   90009";"     734";"   20.61"
"Vrouwen";"61 jaar";"1976";" 0.00726";"   90588";"     657";"   21.15"
"Vrouwen";"61 jaar";"1977";" 0.00805";"   90706";"     730";"   21.67"
"Vrouwen";"61 jaar";"1978";" 0.00720";"   90794";"     654";"   21.64"
"Vrouwen";"61 jaar";"1979";" 0.00758";"   90968";"     689";"   21.95"
"Vrouwen";"61 jaar";"1980";" 0.00743";"   91410";"     679";"   22.08"
"Vrouwen";"61 jaar";"1976 tot 1981";" 0.00750";"   90895";"     682";"   21.71"
"Vrouwen";"61 jaar";"1981";" 0.00684";"   91438";"     626";"   22.19"
"Vrouwen";"61 jaar";"1982";" 0.00695";"   91457";"     636";"   22.28"
"Vrouwen";"61 jaar";"1983";" 0.00743";"   91474";"     680";"   22.45"
"Vrouwen";"61 jaar";"1984";" 0.00735";"   91726";"     674";"   22.41"
"Vrouwen";"61 jaar";"1985";" 0.00767";"   91697";"     703";"   22.39"
"Vrouwen";"61 jaar";"1981 tot 1986";" 0.00725";"   91558";"     663";"   22.34"
"Vrouwen";"61 jaar";"1986";" 0.00737";"   91517";"     675";"   22.42"
"Vrouwen";"61 jaar";"1987";" 0.00742";"   91848";"     682";"   22.77"
"Vrouwen";"61 jaar";"1988";" 0.00688";"   92205";"     634";"   22.76"
"Vrouwen";"61 jaar";"1989";" 0.00704";"   91787";"     646";"   22.60"
"Vrouwen";"61 jaar";"1990";" 0.00720";"   92081";"     663";"   22.71"
"Vrouwen";"61 jaar";"1986 tot 1991";" 0.00719";"   91885";"     660";"   22.65"
"Vrouwen";"61 jaar";"1991";" 0.00727";"   92105";"     670";"   22.70"
"Vrouwen";"61 jaar";"1992";" 0.00739";"   92137";"     681";"   22.84"
"Vrouwen";"61 jaar";"1993";" 0.00695";"   92102";"     640";"   22.53"
"Vrouwen";"61 jaar";"1994";" 0.00672";"   92183";"     619";"   22.80"
"Vrouwen";"61 jaar";"1995";" 0.00666";"   92285";"     615";"   22.81"
"Vrouwen";"61 jaar";"1991 tot 1996";" 0.00700";"   92162";"     645";"   22.73"
"Vrouwen";"61 jaar";"1996";" 0.00668";"   92280";"     617";"   22.82"
"Vrouwen";"61 jaar";"1997";" 0.00706";"   92374";"     652";"   22.96"
"Vrouwen";"61 jaar";"1998";" 0.00641";"   92548";"     593";"   23.00"
"Vrouwen";"61 jaar";"1999";" 0.00680";"   92297";"     628";"   22.90"
"Vrouwen";"61 jaar";"2000";" 0.00662";"   92357";"     611";"   23.00"
"Vrouwen";"61 jaar";"1996 tot 2001";" 0.00671";"   92369";"     620";"   22.94"
"Vrouwen";"61 jaar";"2001";" 0.00618";"   92423";"     571";"   23.09"
"Vrouwen";"61 jaar";"2002";" 0.00666";"   92401";"     616";"   23.07"
"Vrouwen";"61 jaar";"2003";" 0.00625";"   92478";"     578";"   23.27"
"Vrouwen";"61 jaar";"2004";" 0.00625";"   92860";"     580";"   23.64"
"Vrouwen";"61 jaar";"2005";" 0.00603";"   92962";"     560";"   23.83"
"Vrouwen";"61 jaar";"2001 tot 2006";" 0.00626";"   92632";"     580";"   23.38"
"Vrouwen";"61 jaar";"2006";" 0.00628";"   93286";"     586";"   23.96"
"Vrouwen";"61 jaar";"2007";" 0.00612";"   93518";"     572";"   24.29"
"Vrouwen";"61 jaar";"2008";" 0.00607";"   93475";"     567";"   24.27"
"Vrouwen";"61 jaar";"2009";" 0.00563";"   93654";"     527";"   24.60"
"Vrouwen";"61 jaar";"2010";" 0.00586";"   93782";"     550";"   24.60"
"Vrouwen";"61 jaar";"2006 tot 2011";" 0.00598";"   93544";"     560";"   24.35"
"Vrouwen";"61 jaar";"2011";" 0.00562";"   93772";"     527";"   24.72"
"Vrouwen";"61 jaar";"2012";" 0.00598";"   93904";"     561";"   24.65"
"Vrouwen";"61 jaar";"2013";" 0.00544";"   94170";"     512";"   24.79"
"Vrouwen";"61 jaar";"2014";" 0.00578";"   94273";"     545";"   25.02"
"Vrouwen";"61 jaar";"2015";" 0.00581";"   94418";"     548";"   24.75"
"Vrouwen";"61 jaar";"2011 tot 2016";" 0.00573";"   94108";"     539";"   24.79"
"Vrouwen";"61 jaar";"2016";" 0.00533";"   94238";"     503";"   24.85"
"Vrouwen";"61 jaar";"2017";" 0.00547";"   94623";"     518";"   24.90"
"Vrouwen";"61 jaar";"2018";" 0.00550";"   94675";"     520";"   24.89"
"Vrouwen";"61 jaar";"2019";" 0.00516";"   94840";"     490";"   25.11"
"Vrouwen";"81 jaar";"1861 tot 1866";" 0.14649";"    7603";"    1114";"    4.68"
"Vrouwen";"81 jaar";"1866 tot 1871";" 0.15310";"    7384";"    1131";"    4.57"
"Vrouwen";"81 jaar";"1871 tot 1876";" 0.14848";"    7958";"    1182";"    4.59"
"Vrouwen";"81 jaar";"1876 tot 1881";" 0.14684";"    9714";"    1426";"    4.74"
"Vrouwen";"81 jaar";"1881 tot 1886";" 0.13608";"   11182";"    1522";"    4.81"
"Vrouwen";"81 jaar";"1886 tot 1891";" 0.14166";"   12006";"    1701";"    4.76"
"Vrouwen";"81 jaar";"1891 tot 1896";" 0.14212";"   11813";"    1679";"    4.70"
"Vrouwen";"81 jaar";"1896 tot 1901";" 0.12786";"   14977";"    1915";"    5.11"
"Vrouwen";"81 jaar";"1901 tot 1906";" 0.13160";"   16521";"    2174";"    5.17"
"Vrouwen";"81 jaar";"1906 tot 1911";" 0.13288";"   17408";"    2313";"    5.05"
"Vrouwen";"81 jaar";"1911 tot 1916";" 0.12468";"   19896";"    2481";"    5.30"
"Vrouwen";"81 jaar";"1916 tot 1921";" 0.13142";"   17354";"    2281";"    4.99"
"Vrouwen";"81 jaar";"1921 tot 1926";" 0.12364";"   22684";"    2805";"    5.36"
"Vrouwen";"81 jaar";"1926 tot 1931";" 0.12296";"   23617";"    2904";"    5.27"
"Vrouwen";"81 jaar";"1931 tot 1936";" 0.12191";"   25989";"    3168";"    5.38"
"Vrouwen";"81 jaar";"1936 tot 1941";" 0.12254";"   27097";"    3321";"    5.32"
"Vrouwen";"81 jaar";"1941 tot 1946";" 0.13177";"   25033";"    3299";"    4.89"
"Vrouwen";"81 jaar";"1950";" 0.10164";"   36481";"    3708";"    5.82"
"Vrouwen";"81 jaar";"1946 tot 1951";" 0.10329";"   34776";"    3592";"    5.95"
"Vrouwen";"81 jaar";"1951";" 0.10469";"   36905";"    3864";"    5.84"
"Vrouwen";"81 jaar";"1952";" 0.10540";"   38264";"    4033";"    5.99"
"Vrouwen";"81 jaar";"1953";" 0.10490";"   37543";"    3938";"    5.93"
"Vrouwen";"81 jaar";"1954";" 0.10360";"   39383";"    4080";"    6.05"
"Vrouwen";"81 jaar";"1955";" 0.10506";"   40152";"    4218";"    5.95"
"Vrouwen";"81 jaar";"1951 tot 1956";" 0.10471";"   38472";"    4028";"    5.95"
"Vrouwen";"81 jaar";"1956";" 0.10232";"   39371";"    4028";"    5.72"
"Vrouwen";"81 jaar";"1957";" 0.09451";"   41138";"    3888";"    6.11"
"Vrouwen";"81 jaar";"1958";" 0.09604";"   42028";"    4036";"    6.12"
"Vrouwen";"81 jaar";"1959";" 0.09682";"   43553";"    4217";"    6.14"
"Vrouwen";"81 jaar";"1960";" 0.09826";"   43509";"    4275";"    6.18"
"Vrouwen";"81 jaar";"1956 tot 1961";" 0.09754";"   41949";"    4092";"    6.06"
"Vrouwen";"81 jaar";"1961";" 0.09484";"   44823";"    4251";"    6.36"
"Vrouwen";"81 jaar";"1962";" 0.09611";"   44637";"    4290";"    6.14"
"Vrouwen";"81 jaar";"1963";" 0.09194";"   44981";"    4136";"    6.23"
"Vrouwen";"81 jaar";"1964";" 0.08795";"   46879";"    4123";"    6.64"
"Vrouwen";"81 jaar";"1965";" 0.08641";"   46006";"    3975";"    6.53"
"Vrouwen";"81 jaar";"1961 tot 1966";" 0.09128";"   45485";"    4152";"    6.38"
"Vrouwen";"81 jaar";"1966";" 0.08698";"   46258";"    4024";"    6.48"
"Vrouwen";"81 jaar";"1967";" 0.08423";"   47823";"    4028";"    6.78"
"Vrouwen";"81 jaar";"1968";" 0.08652";"   47521";"    4112";"    6.54"
"Vrouwen";"81 jaar";"1969";" 0.08911";"   47072";"    4195";"    6.59"
"Vrouwen";"81 jaar";"1970";" 0.08568";"   47740";"    4091";"    6.64"
"Vrouwen";"81 jaar";"1966 tot 1971";" 0.08653";"   47293";"    4092";"    6.61"
"Vrouwen";"81 jaar";"1971";" 0.08362";"   48483";"    4054";"    6.62"
"Vrouwen";"81 jaar";"1972";" 0.08683";"   48408";"    4203";"    6.59"
"Vrouwen";"81 jaar";"1973";" 0.07793";"   50324";"    3922";"    6.86"
"Vrouwen";"81 jaar";"1974";" 0.07571";"   51606";"    3907";"    7.05"
"Vrouwen";"81 jaar";"1975";" 0.07695";"   51740";"    3982";"    7.00"
"Vrouwen";"81 jaar";"1971 tot 1976";" 0.08002";"   50139";"    4012";"    6.84"
"Vrouwen";"81 jaar";"1976";" 0.07285";"   52447";"    3821";"    7.19"
"Vrouwen";"81 jaar";"1977";" 0.06620";"   54277";"    3593";"    7.64"
"Vrouwen";"81 jaar";"1978";" 0.06969";"   54446";"    3794";"    7.50"
"Vrouwen";"81 jaar";"1979";" 0.06404";"   55710";"    3568";"    7.78"
"Vrouwen";"81 jaar";"1980";" 0.06657";"   56414";"    3756";"    7.85"
"Vrouwen";"81 jaar";"1976 tot 1981";" 0.06778";"   54683";"    3706";"    7.60"
"Vrouwen";"81 jaar";"1981";" 0.06409";"   56847";"    3643";"    7.91"
"Vrouwen";"81 jaar";"1982";" 0.05979";"   57405";"    3432";"    7.88"
"Vrouwen";"81 jaar";"1983";" 0.05984";"   58329";"    3491";"    7.94"
"Vrouwen";"81 jaar";"1984";" 0.06043";"   58087";"    3510";"    7.98"
"Vrouwen";"81 jaar";"1985";" 0.06081";"   58211";"    3540";"    7.93"
"Vrouwen";"81 jaar";"1981 tot 1986";" 0.06094";"   57783";"    3521";"    7.93"
"Vrouwen";"81 jaar";"1986";" 0.06003";"   58512";"    3513";"    7.87"
"Vrouwen";"81 jaar";"1987";" 0.05740";"   59591";"    3421";"    8.21"
"Vrouwen";"81 jaar";"1988";" 0.05741";"   60012";"    3445";"    8.13"
"Vrouwen";"81 jaar";"1989";" 0.05807";"   59246";"    3440";"    8.01"
"Vrouwen";"81 jaar";"1990";" 0.05811";"   59998";"    3487";"    8.04"
"Vrouwen";"81 jaar";"1986 tot 1991";" 0.05819";"   59473";"    3461";"    8.05"
"Vrouwen";"81 jaar";"1991";" 0.05752";"   59834";"    3441";"    8.11"
"Vrouwen";"81 jaar";"1992";" 0.05790";"   60524";"    3505";"    8.16"
"Vrouwen";"81 jaar";"1993";" 0.05776";"   59746";"    3451";"    7.86"
"Vrouwen";"81 jaar";"1994";" 0.05450";"   60303";"    3287";"    8.12"
"Vrouwen";"81 jaar";"1995";" 0.05523";"   60589";"    3346";"    8.11"
"Vrouwen";"81 jaar";"1991 tot 1996";" 0.05654";"   60200";"    3404";"    8.07"
"Vrouwen";"81 jaar";"1996";" 0.05529";"   60515";"    3346";"    8.12"
"Vrouwen";"81 jaar";"1997";" 0.05585";"   61180";"    3417";"    8.18"
"Vrouwen";"81 jaar";"1998";" 0.05535";"   61659";"    3413";"    8.17"
"Vrouwen";"81 jaar";"1999";" 0.05468";"   61081";"    3340";"    8.10"
"Vrouwen";"81 jaar";"2000";" 0.05369";"   61530";"    3303";"    8.12"
"Vrouwen";"81 jaar";"1996 tot 2001";" 0.05497";"   61190";"    3364";"    8.14"
"Vrouwen";"81 jaar";"2001";" 0.05277";"   61672";"    3255";"    8.20"
"Vrouwen";"81 jaar";"2002";" 0.05598";"   61847";"    3462";"    8.15"
"Vrouwen";"81 jaar";"2003";" 0.05143";"   62580";"    3219";"    8.24"
"Vrouwen";"81 jaar";"2004";" 0.04921";"   64070";"    3153";"    8.48"
"Vrouwen";"81 jaar";"2005";" 0.04707";"   64703";"    3046";"    8.59"
"Vrouwen";"81 jaar";"2001 tot 2006";" 0.05129";"   62971";"    3230";"    8.33"
"Vrouwen";"81 jaar";"2006";" 0.04818";"   65655";"    3163";"    8.62"
"Vrouwen";"81 jaar";"2007";" 0.04512";"   66732";"    3011";"    8.89"
"Vrouwen";"81 jaar";"2008";" 0.04623";"   66939";"    3095";"    8.82"
"Vrouwen";"81 jaar";"2009";" 0.04371";"   68119";"    2977";"    9.02"
"Vrouwen";"81 jaar";"2010";" 0.04435";"   68102";"    3020";"    9.06"
"Vrouwen";"81 jaar";"2006 tot 2011";" 0.04550";"   67119";"    3054";"    8.88"
"Vrouwen";"81 jaar";"2011";" 0.04307";"   68462";"    2949";"    9.16"
"Vrouwen";"81 jaar";"2012";" 0.04339";"   68547";"    2975";"    9.08"
"Vrouwen";"81 jaar";"2013";" 0.04300";"   69188";"    2975";"    9.16"
"Vrouwen";"81 jaar";"2014";" 0.03835";"   69883";"    2680";"    9.35"
"Vrouwen";"81 jaar";"2015";" 0.04173";"   69417";"    2897";"    9.12"
"Vrouwen";"81 jaar";"2011 tot 2016";" 0.04192";"   69109";"    2897";"    9.17"
"Vrouwen";"81 jaar";"2016";" 0.03876";"   69493";"    2694";"    9.20"
"Vrouwen";"81 jaar";"2017";" 0.03947";"   70149";"    2769";"    9.17"
"Vrouwen";"81 jaar";"2018";" 0.03873";"   70049";"    2713";"    9.18"
"Vrouwen";"81 jaar";"2019";" 0.03821";"   70559";"    2696";"    9.38"
